$GNRMC,000000.00,A,5128.67400,N,00000.25200,E,,,150826,,,A,V*3C
$GNVTG,,,,,0.00,N,0.00,K,A*24
$GNGGA,000000.00,5128.67400,N,00000.25200,E,6,16,0.6,46.00,M,45.30,M,,*4A
$GNGSA,A,3,03,04,07,08,09,16,26,,,,,,1.3,0.6,1.0,1*36
$GNGSA,A,3,70,71,73,,,,,,,,,,1.3,0.6,1.0,2*32
$GNGSA,A,3,05,13,,,,,,,,,,,1.3,0.6,1.0,3*31
$GNGSA,A,3,14,21,22,26,,,,,,,,,1.3,0.6,1.0,4*33
$GNGSA,A,3,,,,,,,,,,,,,1.3,0.6,1.0,5*30
$GPGSV,3,1,09,03,18,210,28,04,80,276,49,07,22,284,33,08,17,171,,1*6E
$GPGSV,3,2,09,09,45,309,39,16,71,059,47,26,38,052,38,27,36,137,39,1*66
$GPGSV,3,3,09,31,22,083,31,1*56
$GLGSV,2,1,05,70,43,170,41,71,65,305,48,73,65,290,40,74,22,247,29,1*73
$GLGSV,2,2,05,80,31,118,28,1*45
$GAGSV,1,1,03,05,40,095,40,13,62,201,46,15,28,318,28,7*40
$BDGSV,2,1,06,14,56,274,36,21,59,222,41,22,21,170,29,26,43,262,37,1*75
$BDGSV,2,2,06,29,14,106,,36,21,062,33,1*78
$GQGSV,1,1,00,1*65
$GNZDA,000000.00,15,08,2026,00,00*72
$GNGLL,5128.67400,N,00000.25200,E,000000.00,A,A*79
$GPTXT,01,01,02,ANTENNA OK*36
$GNRMC,000001.03,A,5128.67400,N,00000.25200,E,0.00,,150826,,,A,V*20
$GNVTG,,,,,0.00,N,0.00,K,A*24
$GNGGA,000001.03,5128.67400,N,00000.25200,E,1,17,0.7,46.00,M,45.30,M,,*4F
$GNGSA,A,3,03,04,07,08,09,16,26,27,,,,,1.4,0.7,1.1,1*34
$GNGSA,A,3,70,71,73,,,,,,,,,,1.4,0.7,1.1,2*35
$GNGSA,A,3,05,13,,,,,,,,,,,1.4,0.7,1.1,3*36
$GNGSA,A,3,14,21,22,26,,,,,,,,,1.4,0.7,1.1,4*34
$GNGSA,A,3,,,,,,,,,,,,,1.4,0.7,1.1,5*37
$GNZDA,000001.03,15,08,2026,00,00*70
$GNGLL,5128.67400,N,00000.25200,E,000001.03,A,A*7B
$GNRMC,000002.03,A,5128.67400,N,00000.25200,E,0.00,,150826,,,A,V*23
$GNVTG,,,,,0.00,N,0.00,K,A*24
$GNGGA,000002.03,5128.67400,N,00000.25200,E,1,18,0.7,46.00,M,45.30,M,,*43
$GNGSA,A,3,03,04,07,08,09,16,26,27,31,,,,1.4,0.7,1.1,1*36
$GNGSA,A,3,70,71,73,,,,,,,,,,1.4,0.7,1.1,2*35
$GNGSA,A,3,05,13,,,,,,,,,,,1.4,0.7,1.1,3*36
$GNGSA,A,3,14,21,22,26,,,,,,,,,1.4,0.7,1.1,4*34
$GNGSA,A,3,,,,,,,,,,,,,1.4,0.7,1.1,5*37
$GPGSV,3,1,09,03,18,210,30,04,80,276,50,07,22,284,30,08,17,171,,1*6C
$GPGSV,3,2,09,09,45,309,37,16,71,059,47,26,38,052,34,27,36,137,36,1*6B
$GPGSV,3,3,09,31,22,083,25,1*53
$GLGSV,2,1,05,70,43,170,36,71,65,305,45,73,65,290,48,74,22,247,27,1*78
$GLGSV,2,2,05,80,31,118,29,1*44
$GAGSV,1,1,03,05,40,095,35,13,62,201,42,15,28,318,31,7*4E
$BDGSV,2,1,06,14,56,274,42,21,59,222,46,22,21,170,33,26,43,262,37,1*7A
$BDGSV,2,2,06,29,14,106,25,36,21,062,24,1*79
$GQGSV,1,1,00,1*65
$GNZDA,000002.03,15,08,2026,00,00*73
$GNGLL,5128.67400,N,00000.25200,E,000002.03,A,A*78
$GNRMC,000003.03,A,5128.67400,N,00000.25200,E,,,150826,,,A,V*3C
$GNVTG,,,,,0.00,N,0.00,K,A*24
$GNGGA,000003.03,5128.67400,N,00000.25200,E,1,16,0.7,46.00,M,45.30,M,,*4C
$GNGSA,A,3,03,04,07,08,09,16,26,,,,,,1.4,0.7,1.1,1*31
$GNGSA,A,3,70,71,73,,,,,,,,,,1.4,0.7,1.1,2*35
$GNGSA,A,3,05,13,,,,,,,,,,,1.4,0.7,1.1,3*36
$GNGSA,A,3,14,21,22,26,,,,,,,,,1.4,0.7,1.1,4*34
$GNGSA,A,3,,,,,,,,,,,,,1.4,0.7,1.1,5*37
$GNZDA,000003.03,15,08,2026,00,00*72
$GNGLL,5128.67400,N,00000.25200,E,000003.03,A,A*79
$GNRMC,000004.03,A,5128.67400,N,00000.25200,E,0.00,,150826,,,A,V*25
$GNVTG,,,,,0.00,N,0.00,K,A*24
$GNGGA,000004.03,5128.67400,N,00000.25200,E,1,17,0.7,46.00,M,45.30,M,,*4A
$GNGSA,A,3,03,04,07,08,09,16,26,27,,,,,1.4,0.7,1.1,1*34
$GNGSA,A,3,70,71,73,,,,,,,,,,1.4,0.7,1.1,2*35
$GNGSA,A,3,05,13,,,,,,,,,,,1.4,0.7,1.1,3*36
$GNGSA,A,3,14,21,22,26,,,,,,,,,1.4,0.7,1.1,4*34
$GNGSA,A,3,,,,,,,,,,,,,1.4,0.7,1.1,5*37
$GPGSV,3,1,09,03,18,210,,04,80,276,50,07,22,284,34,08,17,171,31,1*69
$GPGSV,3,2,09,09,45,309,40,16,71,059,46,26,38,052,39,27,36,137,33,1*62
$GPGSV,3,3,09,31,22,083,26,1*50
$GLGSV,2,1,05,70,43,170,36,71,65,305,42,73,65,290,49,74,22,247,30,1*78
$GLGSV,2,2,05,80,31,118,30,1*4C
$GAGSV,1,1,03,05,40,095,33,13,62,201,48,15,28,318,30,7*43
$BDGSV,2,1,06,14,56,274,45,21,59,222,44,22,21,170,27,26,43,262,38,1*75
$BDGSV,2,2,06,29,14,106,22,36,21,062,27,1*7D
$GQGSV,1,1,00,1*65
$GNZDA,000004.03,15,08,2026,00,00*75
$GNGLL,5128.67400,N,00000.25200,E,000004.03,A,A*7E
$GNRMC,000005.00,A,5128.67400,N,00000.25200,E,0.00,,150826,,,A,V*27
$GNVTG,,,,,0.00,N,0.00,K,A*24
$GNGGA,000005.00,5128.67400,N,00000.25200,E,1,18,0.7,46.00,M,45.30,M,,*47
$GNGSA,A,3,03,04,07,08,09,16,26,27,31,,,,1.4,0.7,1.1,1*36
$GNGSA,A,3,70,71,73,,,,,,,,,,1.4,0.7,1.1,2*35
$GNGSA,A,3,05,13,,,,,,,,,,,1.4,0.7,1.1,3*36
$GNGSA,A,3,14,21,22,26,,,,,,,,,1.4,0.7,1.1,4*34
$GNGSA,A,3,,,,,,,,,,,,,1.4,0.7,1.1,5*37
$GNZDA,000005.00,15,08,2026,00,00*77
$GNGLL,5128.67400,N,00000.25200,E,000005.00,A,A*7C
$GNRMC,000006.03,A,5128.67400,N,00000.25200,E,,,150826,,,A,V*39
$GNVTG,,,,,0.00,N,0.00,K,A*24
$GNGGA,000006.03,5128.67400,N,00000.25200,E,1,16,0.8,46.00,M,45.30,M,,*46
$GNGSA,A,3,03,04,07,08,09,16,26,,,,,,1.5,0.8,1.2,1*3C
$GNGSA,A,3,70,71,73,,,,,,,,,,1.5,0.8,1.2,2*38
$GNGSA,A,3,05,13,,,,,,,,,,,1.5,0.8,1.2,3*3B
$GNGSA,A,3,14,21,22,26,,,,,,,,,1.5,0.8,1.2,4*39
$GNGSA,A,3,,,,,,,,,,,,,1.5,0.8,1.2,5*3A
$GPGSV,3,1,09,03,18,210,,04,80,276,50,07,22,284,29,08,17,171,,1*67
$GPGSV,3,2,09,09,45,309,39,16,71,059,43,26,38,052,38,27,36,137,30,1*6B
$GPGSV,3,3,09,31,22,083,33,1*54
$GLGSV,2,1,05,70,43,170,39,71,65,305,49,73,65,290,42,74,22,247,28,1*7E
$GLGSV,2,2,05,80,31,118,30,1*4C
$GAGSV,1,1,03,05,40,095,34,13,62,201,44,15,28,318,33,7*4B
$BDGSV,2,1,06,14,56,274,44,21,59,222,38,22,21,170,26,26,43,262,36,1*70
$BDGSV,2,2,06,29,14,106,,36,21,062,30,1*7B
$GQGSV,1,1,00,1*65
$GNZDA,000006.03,15,08,2026,00,00*77
$GNGLL,5128.67400,N,00000.25200,E,000006.03,A,A*7C
$GNRMC,000007.03,A,5128.67400,N,00000.25200,E,0.00,,150826,,,A,V*26
$GNVTG,,,,,0.00,N,0.00,K,A*24
$GNGGA,000007.03,5128.67400,N,00000.25200,E,1,17,0.9,46.00,M,45.30,M,,*47
$GNGSA,A,3,03,04,07,08,09,16,26,27,,,,,1.6,0.9,1.3,1*3A
$GNGSA,A,3,70,71,73,,,,,,,,,,1.6,0.9,1.3,2*3B
$GNGSA,A,3,05,13,,,,,,,,,,,1.6,0.9,1.3,3*38
$GNGSA,A,3,14,21,22,26,,,,,,,,,1.6,0.9,1.3,4*3A
$GNGSA,A,3,,,,,,,,,,,,,1.6,0.9,1.3,5*39
$GNZDA,000007.03,15,08,2026,00,00*76
$GNGLL,5128.67400,N,00000.25200,E,000007.03,A,A*7D
$GNRMC,000008.03,A,5128.67400,N,00000.25200,E,0.00,,150826,,,A,V*29
$GNVTG,,,,,0.00,N,0.00,K,A*24
$GNGGA,000008.03,5128.67400,N,00000.25200,E,1,18,0.7,46.00,M,45.30,M,,*49
$GNGSA,A,3,03,04,07,08,09,16,26,27,31,,,,1.4,0.7,1.1,1*36
$GNGSA,A,3,70,71,73,,,,,,,,,,1.4,0.7,1.1,2*35
$GNGSA,A,3,05,13,,,,,,,,,,,1.4,0.7,1.1,3*36
$GNGSA,A,3,14,21,22,26,,,,,,,,,1.4,0.7,1.1,4*34
$GNGSA,A,3,,,,,,,,,,,,,1.4,0.7,1.1,5*37
$GPGSV,3,1,09,03,18,210,24,04,80,276,50,07,22,284,27,08,17,171,23,1*6E
$GPGSV,3,2,09,09,45,309,41,16,71,059,50,26,38,052,33,27,36,137,36,1*6B
$GPGSV,3,3,09,31,22,083,29,1*5F
$GLGSV,2,1,05,70,43,170,37,71,65,305,47,73,65,290,41,74,22,247,33,1*77
$GLGSV,2,2,05,80,31,118,34,1*48
$GAGSV,1,1,03,05,40,095,37,13,62,201,47,15,28,318,34,7*4C
$BDGSV,2,1,06,14,56,274,44,21,59,222,37,22,21,170,32,26,43,262,38,1*74
$BDGSV,2,2,06,29,14,106,23,36,21,062,24,1*7F
$GQGSV,1,1,00,1*65
$GNZDA,000008.03,15,08,2026,00,00*79
$GNGLL,5128.67400,N,00000.25200,E,000008.03,A,A*72
$GNRMC,000009.03,A,5128.67400,N,00000.25200,E,,,150826,,,A,V*36
$GNVTG,,,,,0.00,N,0.00,K,A*24
$GNGGA,000009.03,5128.67400,N,00000.25200,E,1,16,0.7,46.00,M,45.30,M,,*46
$GNGSA,A,3,03,04,07,08,09,16,26,,,,,,1.4,0.7,1.1,1*31
$GNGSA,A,3,70,71,73,,,,,,,,,,1.4,0.7,1.1,2*35
$GNGSA,A,3,05,13,,,,,,,,,,,1.4,0.7,1.1,3*36
$GNGSA,A,3,14,21,22,26,,,,,,,,,1.4,0.7,1.1,4*34
$GNGSA,A,3,,,,,,,,,,,,,1.4,0.7,1.1,5*37
$GNZDA,000009.03,15,08,2026,00,00*78
$GNGLL,5128.67400,N,00000.25200,E,000009.03,A,A*73
$GNRMC,000010.00,A,5128.67400,N,00000.25200,E,0.00,,150826,,,A,V*23
$GNVTG,,,,,0.00,N,0.00,K,A*24
$GNGGA,000010.00,5128.67400,N,00000.25200,E,1,17,0.9,46.00,M,45.30,M,,*42
$GNGSA,A,3,03,04,07,08,09,16,26,27,,,,,1.6,0.9,1.3,1*3A
$GNGSA,A,3,70,71,73,,,,,,,,,,1.6,0.9,1.3,2*3B
$GNGSA,A,3,05,13,,,,,,,,,,,1.6,0.9,1.3,3*38
$GNGSA,A,3,14,21,22,26,,,,,,,,,1.6,0.9,1.3,4*3A
$GNGSA,A,3,,,,,,,,,,,,,1.6,0.9,1.3,5*39
$GPGSV,3,1,09,03,18,210,,04,80,276,50,07,22,284,27,08,17,171,,1*69
$GPGSV,3,2,09,09,45,309,39,16,71,059,50,26,38,052,37,27,36,137,34,1*62
$GPGSV,3,3,09,31,22,083,33,1*54
$GLGSV,2,1,05,70,43,170,37,71,65,305,46,73,65,290,40,74,22,247,31,1*75
$GLGSV,2,2,05,80,31,118,28,1*45
$GAGSV,1,1,03,05,40,095,40,13,62,201,43,15,28,318,29,7*44
$BDGSV,2,1,06,14,56,274,45,21,59,222,46,22,21,170,25,26,43,262,35,1*78
$BDGSV,2,2,06,29,14,106,24,36,21,062,28,1*74
$GQGSV,1,1,00,1*65
$GNZDA,000010.00,15,08,2026,00,00*73
$GNGLL,5128.67400,N,00000.25200,E,000010.00,A,A*78
$GNRMC,000011.03,A,5128.67400,N,00000.25200,E,0.00,,150826,,,A,V*21
$GNVTG,,,,,0.00,N,0.00,K,A*24
$GNGGA,000011.03,5128.67400,N,00000.25200,E,1,18,0.8,46.00,M,45.30,M,,*4E
$GNGSA,A,3,03,04,07,08,09,16,26,27,31,,,,1.5,0.8,1.2,1*3B
$GNGSA,A,3,70,71,73,,,,,,,,,,1.5,0.8,1.2,2*38
$GNGSA,A,3,05,13,,,,,,,,,,,1.5,0.8,1.2,3*3B
$GNGSA,A,3,14,21,22,26,,,,,,,,,1.5,0.8,1.2,4*39
$GNGSA,A,3,,,,,,,,,,,,,1.5,0.8,1.2,5*3A
$GNZDA,000011.03,15,08,2026,00,00*71
$GNGLL,5128.67400,N,00000.25200,E,000011.03,A,A*7A
$GNRMC,000012.03,A,5128.67400,N,00000.25200,E,,,150826,,,A,V*3C
$GNVTG,,,,,0.00,N,0.00,K,A*24
$GNGGA,000012.03,5128.67400,N,00000.25200,E,1,16,0.8,46.00,M,45.30,M,,*43
$GNGSA,A,3,03,04,07,08,09,16,26,,,,,,1.5,0.8,1.2,1*3C
$GNGSA,A,3,70,71,73,,,,,,,,,,1.5,0.8,1.2,2*38
$GNGSA,A,3,05,13,,,,,,,,,,,1.5,0.8,1.2,3*3B
$GNGSA,A,3,14,21,22,26,,,,,,,,,1.5,0.8,1.2,4*39
$GNGSA,A,3,,,,,,,,,,,,,1.5,0.8,1.2,5*3A
$GPGSV,3,1,09,03,18,210,31,04,80,276,45,07,22,284,28,08,17,171,,1*60
$GPGSV,3,2,09,09,45,309,41,16,71,059,50,26,38,052,34,27,36,137,38,1*62
$GPGSV,3,3,09,31,22,083,34,1*53
$GLGSV,2,1,05,70,43,170,34,71,65,305,40,73,65,290,47,74,22,247,27,1*70
$GLGSV,2,2,05,80,31,118,33,1*4F
$GAGSV,1,1,03,05,40,095,31,13,62,201,48,15,28,318,29,7*49
$BDGSV,2,1,06,14,56,274,36,21,59,222,44,22,21,170,29,26,43,262,32,1*75
$BDGSV,2,2,06,29,14,106,23,36,21,062,27,1*7C
$GQGSV,1,1,00,1*65
$GNZDA,000012.03,15,08,2026,00,00*72
$GNGLL,5128.67400,N,00000.25200,E,000012.03,A,A*79
$GNRMC,000013.03,A,5128.67400,N,00000.25200,E,0.00,,150826,,,A,V*23
$GNVTG,,,,,0.00,N,0.00,K,A*24
$GNGGA,000013.03,5128.67400,N,00000.25200,E,1,17,0.8,46.00,M,45.30,M,,*43
$GNGSA,A,3,03,04,07,08,09,16,26,27,,,,,1.5,0.8,1.2,1*39
$GNGSA,A,3,70,71,73,,,,,,,,,,1.5,0.8,1.2,2*38
$GNGSA,A,3,05,13,,,,,,,,,,,1.5,0.8,1.2,3*3B
$GNGSA,A,3,14,21,22,26,,,,,,,,,1.5,0.8,1.2,4*39
$GNGSA,A,3,,,,,,,,,,,,,1.5,0.8,1.2,5*3A
$GNZDA,000013.03,15,08,2026,00,00*73
$GNGLL,5128.67400,N,00000.25200,E,000013.03,A,A*78
$GNRMC,000014.03,A,5128.67400,N,00000.25200,E,0.00,,150826,,,A,V*24
$GNVTG,,,,,0.00,N,0.00,K,A*24
$GNGGA,000014.03,5128.67400,N,00000.25200,E,1,18,0.9,46.00,M,45.30,M,,*4A
$GNGSA,A,3,03,04,07,08,09,16,26,27,31,,,,1.6,0.9,1.3,1*38
$GNGSA,A,3,70,71,73,,,,,,,,,,1.6,0.9,1.3,2*3B
$GNGSA,A,3,05,13,,,,,,,,,,,1.6,0.9,1.3,3*38
$GNGSA,A,3,14,21,22,26,,,,,,,,,1.6,0.9,1.3,4*3A
$GNGSA,A,3,,,,,,,,,,,,,1.6,0.9,1.3,5*39
$GPGSV,3,1,09,03,18,210,,04,80,276,47,07,22,284,32,08,17,171,,1*6B
$GPGSV,3,2,09,09,45,309,37,16,71,059,45,26,38,052,38,27,36,137,30,1*63
$GPGSV,3,3,09,31,22,083,33,1*54
$GLGSV,2,1,05,70,43,170,38,71,65,305,48,73,65,290,47,74,22,247,26,1*75
$GLGSV,2,2,05,80,31,118,32,1*4E
$GAGSV,1,1,03,05,40,095,40,13,62,201,42,15,28,318,27,7*4B
$BDGSV,2,1,06,14,56,274,42,21,59,222,40,22,21,170,27,26,43,262,39,1*77
$BDGSV,2,2,06,29,14,106,28,36,21,062,29,1*79
$GQGSV,1,1,00,1*65
$GNZDA,000014.03,15,08,2026,00,00*74
$GNGLL,5128.67400,N,00000.25200,E,000014.03,A,A*7F
$GNRMC,000015.00,A,5128.67400,N,00000.25200,E,,,150826,,,A,V*38
$GNVTG,,,,,0.00,N,0.00,K,A*24
$GNGGA,000015.00,5128.67400,N,00000.25200,E,1,16,0.8,46.00,M,45.30,M,,*47
$GNGSA,A,3,03,04,07,08,09,16,26,,,,,,1.5,0.8,1.2,1*3C
$GNGSA,A,3,70,71,73,,,,,,,,,,1.5,0.8,1.2,2*38
$GNGSA,A,3,05,13,,,,,,,,,,,1.5,0.8,1.2,3*3B
$GNGSA,A,3,14,21,22,26,,,,,,,,,1.5,0.8,1.2,4*39
$GNGSA,A,3,,,,,,,,,,,,,1.5,0.8,1.2,5*3A
$GNZDA,000015.00,15,08,2026,00,00*76
$GNGLL,5128.67400,N,00000.25200,E,000015.00,A,A*7D
$GNRMC,000016.03,A,5128.67400,N,00000.25200,E,0.00,,150826,,,A,V*26
$GNVTG,,,,,0.00,N,0.00,K,A*24
$GNGGA,000016.03,5128.67400,N,00000.25200,E,1,17,0.8,46.00,M,45.30,M,,*46
$GNGSA,A,3,03,04,07,08,09,16,26,27,,,,,1.5,0.8,1.2,1*39
$GNGSA,A,3,70,71,73,,,,,,,,,,1.5,0.8,1.2,2*38
$GNGSA,A,3,05,13,,,,,,,,,,,1.5,0.8,1.2,3*3B
$GNGSA,A,3,14,21,22,26,,,,,,,,,1.5,0.8,1.2,4*39
$GNGSA,A,3,,,,,,,,,,,,,1.5,0.8,1.2,5*3A
$GPGSV,3,1,09,03,18,210,24,04,80,276,50,07,22,284,29,08,17,171,,1*61
$GPGSV,3,2,09,09,45,309,41,16,71,059,48,26,38,052,30,27,36,137,37,1*60
$GPGSV,3,3,09,31,22,083,32,1*55
$GLGSV,2,1,05,70,43,170,32,71,65,305,44,73,65,290,47,74,22,247,30,1*74
$GLGSV,2,2,05,80,31,118,28,1*45
$GAGSV,1,1,03,05,40,095,31,13,62,201,39,15,28,318,31,7*46
$BDGSV,2,1,06,14,56,274,38,21,59,222,39,22,21,170,28,26,43,262,40,1*75
$BDGSV,2,2,06,29,14,106,23,36,21,062,31,1*7B
$GQGSV,1,1,00,1*65
$GNZDA,000016.03,15,08,2026,00,00*76
$GNGLL,5128.67400,N,00000.25200,E,000016.03,A,A*7D
$GNRMC,000017.03,A,5128.67400,N,00000.25200,E,0.00,,150826,,,A,V*27
$GNVTG,,,,,0.00,N,0.00,K,A*24
$GNGGA,000017.03,5128.67400,N,00000.25200,E,1,18,0.8,46.00,M,45.30,M,,*48
$GNGSA,A,3,03,04,07,08,09,16,26,27,31,,,,1.5,0.8,1.2,1*3B
$GNGSA,A,3,70,71,73,,,,,,,,,,1.5,0.8,1.2,2*38
$GNGSA,A,3,05,13,,,,,,,,,,,1.5,0.8,1.2,3*3B
$GNGSA,A,3,14,21,22,26,,,,,,,,,1.5,0.8,1.2,4*39
$GNGSA,A,3,,,,,,,,,,,,,1.5,0.8,1.2,5*3A
$GNZDA,000017.03,15,08,2026,00,00*77
$GNGLL,5128.67400,N,00000.25200,E,000017.03,A,A*7C
$GNRMC,000018.03,A,5128.67400,N,00000.25200,E,,,150826,,,A,V*36
$GNVTG,,,,,0.00,N,0.00,K,A*24
$GNGGA,000018.03,5128.67400,N,00000.25200,E,1,16,0.9,46.00,M,45.30,M,,*48
$GNGSA,A,3,03,04,07,08,09,16,26,,,,,,1.6,0.9,1.3,1*3F
$GNGSA,A,3,70,71,73,,,,,,,,,,1.6,0.9,1.3,2*3B
$GNGSA,A,3,05,13,,,,,,,,,,,1.6,0.9,1.3,3*38
$GNGSA,A,3,14,21,22,26,,,,,,,,,1.6,0.9,1.3,4*3A
$GNGSA,A,3,,,,,,,,,,,,,1.6,0.9,1.3,5*39
$GPGSV,3,1,09,03,18,210,,04,80,276,47,07,22,284,31,08,17,171,,1*68
$GPGSV,3,2,09,09,45,309,40,16,71,059,42,26,38,052,38,27,36,137,35,1*61
$GPGSV,3,3,09,31,22,083,31,1*56
$GLGSV,2,1,05,70,43,170,34,71,65,305,45,73,65,290,41,74,22,247,34,1*71
$GLGSV,2,2,05,80,31,118,37,1*4B
$GAGSV,1,1,03,05,40,095,34,13,62,201,46,15,28,318,32,7*48
$BDGSV,2,1,06,14,56,274,37,21,59,222,39,22,21,170,31,26,43,262,34,1*71
$BDGSV,2,2,06,29,14,106,,36,21,062,33,1*78
$GQGSV,1,1,00,1*65
$GNZDA,000018.03,15,08,2026,00,00*78
$GNGLL,5128.67400,N,00000.25200,E,000018.03,A,A*73
$GNRMC,000019.03,A,5128.67400,N,00000.25200,E,0.00,,150826,,,A,V*29
$GNVTG,,,,,0.00,N,0.00,K,A*24
$GNGGA,000019.03,5128.67400,N,00000.25200,E,1,17,1.0,46.00,M,45.30,M,,*40
$GNGSA,A,3,03,04,07,08,09,16,26,27,,,,,1.7,1.0,1.4,1*34
$GNGSA,A,3,70,71,73,,,,,,,,,,1.7,1.0,1.4,2*35
$GNGSA,A,3,05,13,,,,,,,,,,,1.7,1.0,1.4,3*36
$GNGSA,A,3,14,21,22,26,,,,,,,,,1.7,1.0,1.4,4*34
$GNGSA,A,3,,,,,,,,,,,,,1.7,1.0,1.4,5*37
$GNZDA,000019.03,15,08,2026,00,00*79
$GNGLL,5128.67400,N,00000.25200,E,000019.03,A,A*72
$GNRMC,000020.00,A,5128.67400,N,00000.25200,E,0.00,,150826,,,A,V*20
$GNVTG,,,,,0.00,N,0.00,K,A*24
$GNGGA,000020.00,5128.67400,N,00000.25200,E,1,18,0.9,46.00,M,45.30,M,,*4E
$GNGSA,A,3,03,04,07,08,09,16,26,27,31,,,,1.6,0.9,1.3,1*38
$GNGSA,A,3,70,71,73,,,,,,,,,,1.6,0.9,1.3,2*3B
$GNGSA,A,3,05,13,,,,,,,,,,,1.6,0.9,1.3,3*38
$GNGSA,A,3,14,21,22,26,,,,,,,,,1.6,0.9,1.3,4*3A
$GNGSA,A,3,,,,,,,,,,,,,1.6,0.9,1.3,5*39
$GPGSV,3,1,09,03,18,210,29,04,80,276,50,07,22,284,26,08,17,171,23,1*62
$GPGSV,3,2,09,09,45,309,41,16,71,059,48,26,38,052,33,27,36,137,37,1*63
$GPGSV,3,3,09,31,22,083,27,1*51
$GLGSV,2,1,05,70,43,170,38,71,65,305,43,73,65,290,42,74,22,247,26,1*7B
$GLGSV,2,2,05,80,31,118,35,1*49
$GAGSV,1,1,03,05,40,095,31,13,62,201,40,15,28,318,27,7*4F
$BDGSV,2,1,06,14,56,274,39,21,59,222,43,22,21,170,27,26,43,262,33,1*72
$BDGSV,2,2,06,29,14,106,,36,21,062,30,1*7B
$GQGSV,1,1,00,1*65
$GNZDA,000020.00,15,08,2026,00,00*70
$GNGLL,5128.67400,N,00000.25200,E,000020.00,A,A*7B
$GNRMC,000021.03,A,5128.67398,N,00000.25176,E,0.55,262.22,150826,,,A,V*3E
$GNVTG,262.22,T,,M,0.55,N,1.02,K,A*26
$GNGGA,000021.03,5128.67398,N,00000.25176,E,1,16,0.8,46.38,M,45.30,M,,*4C
$GNGSA,A,3,03,04,07,08,09,16,26,,,,,,1.5,0.8,1.2,1*3C
$GNGSA,A,3,70,71,73,,,,,,,,,,1.5,0.8,1.2,2*38
$GNGSA,A,3,05,13,,,,,,,,,,,1.5,0.8,1.2,3*3B
$GNGSA,A,3,14,21,22,26,,,,,,,,,1.5,0.8,1.2,4*39
$GNGSA,A,3,,,,,,,,,,,,,1.5,0.8,1.2,5*3A
$GNZDA,000021.03,15,08,2026,00,00*72
$GNGLL,5128.67398,N,00000.25176,E,000021.03,A,A*7D
$GNRMC,000022.03,A,5128.67394,N,00000.25127,E,1.10,262.43,150826,,,A,V*32
$GNVTG,262.43,T,,M,1.10,N,2.04,K,A*24
$GNGGA,000022.03,5128.67394,N,00000.25127,E,1,17,0.9,46.68,M,45.30,M,,*42
$GNGSA,A,3,03,04,07,08,09,16,26,27,,,,,1.6,0.9,1.3,1*3A
$GNGSA,A,3,70,71,73,,,,,,,,,,1.6,0.9,1.3,2*3B
$GNGSA,A,3,05,13,,,,,,,,,,,1.6,0.9,1.3,3*38
$GNGSA,A,3,14,21,22,26,,,,,,,,,1.6,0.9,1.3,4*3A
$GNGSA,A,3,,,,,,,,,,,,,1.6,0.9,1.3,5*39
$GPGSV,3,1,09,03,18,210,,04,80,276,48,07,22,284,33,08,17,171,,1*65
$GPGSV,3,2,09,09,45,309,34,16,71,059,44,26,38,052,38,27,36,137,29,1*69
$GPGSV,3,3,09,31,22,083,29,1*5F
$GLGSV,2,1,05,70,43,170,37,71,65,305,44,73,65,290,41,74,22,247,30,1*77
$GLGSV,2,2,05,80,31,118,32,1*4E
$GAGSV,1,1,03,05,40,095,37,13,62,201,42,15,28,318,34,7*49
$BDGSV,2,1,06,14,56,274,45,21,59,222,43,22,21,170,33,26,43,262,42,1*7A
$BDGSV,2,2,06,29,14,106,23,36,21,062,31,1*7B
$GQGSV,1,1,00,1*65
$GNZDA,000022.03,15,08,2026,00,00*71
$GNGLL,5128.67394,N,00000.25127,E,000022.03,A,A*76
$GNRMC,000023.03,A,5128.67388,N,00000.25054,E,1.65,262.66,150826,,,A,V*3E
$GNVTG,262.66,T,,M,1.65,N,3.06,K,A*22
$GNGGA,000023.03,5128.67388,N,00000.25054,E,1,18,0.8,46.80,M,45.30,M,,*43
$GNGSA,A,3,03,04,07,08,09,16,26,27,31,,,,1.5,0.8,1.2,1*3B
$GNGSA,A,3,70,71,73,,,,,,,,,,1.5,0.8,1.2,2*38
$GNGSA,A,3,05,13,,,,,,,,,,,1.5,0.8,1.2,3*3B
$GNGSA,A,3,14,21,22,26,,,,,,,,,1.5,0.8,1.2,4*39
$GNGSA,A,3,,,,,,,,,,,,,1.5,0.8,1.2,5*3A
$GNZDA,000023.03,15,08,2026,00,00*70
$GNGLL,5128.67388,N,00000.25054,E,000023.03,A,A*7F
$GNRMC,000024.03,A,5128.67380,N,00000.24957,E,2.20,262.69,150826,,,A,V*37
$GNVTG,262.69,T,,M,2.20,N,4.07,K,A*29
$GNGGA,000024.03,5128.67380,N,00000.24957,E,1,16,0.9,46.92,M,45.30,M,,*4B
$GNGSA,A,3,03,04,07,08,09,16,26,,,,,,1.6,0.9,1.3,1*3F
$GNGSA,A,3,70,71,73,,,,,,,,,,1.6,0.9,1.3,2*3B
$GNGSA,A,3,05,13,,,,,,,,,,,1.6,0.9,1.3,3*38
$GNGSA,A,3,14,21,22,26,,,,,,,,,1.6,0.9,1.3,4*3A
$GNGSA,A,3,,,,,,,,,,,,,1.6,0.9,1.3,5*39
$GPGSV,3,1,09,03,18,210,,04,80,276,50,07,22,284,28,08,17,171,27,1*63
$GPGSV,3,2,09,09,45,309,41,16,71,059,46,26,38,052,32,27,36,137,31,1*6A
$GPGSV,3,3,09,31,22,083,34,1*53
$GLGSV,2,1,05,70,43,170,41,71,65,305,49,73,65,290,39,74,22,247,29,1*7C
$GLGSV,2,2,05,80,31,118,34,1*48
$GAGSV,1,1,03,05,40,095,40,13,62,201,46,15,28,318,31,7*48
$BDGSV,2,1,06,14,56,274,42,21,59,222,40,22,21,170,29,26,43,262,38,1*78
$BDGSV,2,2,06,29,14,106,,36,21,062,31,1*7A
$GQGSV,1,1,00,1*65
$GNZDA,000024.03,15,08,2026,00,00*77
$GNGLL,5128.67380,N,00000.24957,E,000024.03,A,A*7B
$GNRMC,000025.00,A,5128.67370,N,00000.24836,E,2.75,262.55,150826,,,A,V*33
$GNVTG,262.55,T,,M,2.75,N,5.09,K,A*29
$GNGGA,000025.00,5128.67370,N,00000.24836,E,1,17,1.1,47.16,M,45.30,M,,*45
$GNGSA,A,3,03,04,07,08,09,16,26,27,,,,,1.8,1.1,1.5,1*3B
$GNGSA,A,3,70,71,73,,,,,,,,,,1.8,1.1,1.5,2*3A
$GNGSA,A,3,05,13,,,,,,,,,,,1.8,1.1,1.5,3*39
$GNGSA,A,3,14,21,22,26,,,,,,,,,1.8,1.1,1.5,4*3B
$GNGSA,A,3,,,,,,,,,,,,,1.8,1.1,1.5,5*38
$GNZDA,000025.00,15,08,2026,00,00*75
$GNGLL,5128.67370,N,00000.24836,E,000025.00,A,A*70
$GNRMC,000026.03,A,5128.67359,N,00000.24690,E,3.30,262.57,150826,,,A,V*38
$GNVTG,262.57,T,,M,3.30,N,6.11,K,A*21
$GNGGA,000026.03,5128.67359,N,00000.24690,E,1,18,0.9,47.38,M,45.30,M,,*46
$GNGSA,A,3,03,04,07,08,09,16,26,27,31,,,,1.6,0.9,1.3,1*38
$GNGSA,A,3,70,71,73,,,,,,,,,,1.6,0.9,1.3,2*3B
$GNGSA,A,3,05,13,,,,,,,,,,,1.6,0.9,1.3,3*38
$GNGSA,A,3,14,21,22,26,,,,,,,,,1.6,0.9,1.3,4*3A
$GNGSA,A,3,,,,,,,,,,,,,1.6,0.9,1.3,5*39
$GPGSV,3,1,09,03,18,210,32,04,80,276,50,07,22,284,27,08,17,171,,1*68
$GPGSV,3,2,09,09,45,309,35,16,71,059,47,26,38,052,32,27,36,137,34,1*6D
$GPGSV,3,3,09,31,22,083,31,1*56
$GLGSV,2,1,05,70,43,170,33,71,65,305,47,73,65,290,46,74,22,247,29,1*7F
$GLGSV,2,2,05,80,31,118,29,1*44
$GAGSV,1,1,03,05,40,095,35,13,62,201,39,15,28,318,31,7*42
$BDGSV,2,1,06,14,56,274,38,21,59,222,46,22,21,170,27,26,43,262,36,1*73
$BDGSV,2,2,06,29,14,106,26,36,21,062,29,1*77
$GQGSV,1,1,00,1*65
$GNZDA,000026.03,15,08,2026,00,00*75
$GNGLL,5128.67359,N,00000.24690,E,000026.03,A,A*79
$GNRMC,000027.03,A,5128.67345,N,00000.24520,E,3.85,262.73,150826,,,A,V*34
$GNVTG,262.73,T,,M,3.85,N,7.13,K,A*2A
$GNGGA,000027.03,5128.67345,N,00000.24520,E,1,16,1.1,47.82,M,45.30,M,,*44
$GNGSA,A,3,03,04,07,08,09,16,26,,,,,,1.8,1.1,1.5,1*3E
$GNGSA,A,3,70,71,73,,,,,,,,,,1.8,1.1,1.5,2*3A
$GNGSA,A,3,05,13,,,,,,,,,,,1.8,1.1,1.5,3*39
$GNGSA,A,3,14,21,22,26,,,,,,,,,1.8,1.1,1.5,4*3B
$GNGSA,A,3,,,,,,,,,,,,,1.8,1.1,1.5,5*38
$GNZDA,000027.03,15,08,2026,00,00*74
$GNGLL,5128.67345,N,00000.24520,E,000027.03,A,A*7D
$GNRMC,000028.03,A,5128.67330,N,00000.24326,E,4.40,263.09,150826,,,A,V*3B
$GNVTG,263.09,T,,M,4.40,N,8.15,K,A*21
$GNGGA,000028.03,5128.67330,N,00000.24326,E,1,17,0.9,48.02,M,45.30,M,,*46
$GNGSA,A,3,03,04,07,08,09,16,26,27,,,,,1.6,0.9,1.3,1*3A
$GNGSA,A,3,70,71,73,,,,,,,,,,1.6,0.9,1.3,2*3B
$GNGSA,A,3,05,13,,,,,,,,,,,1.6,0.9,1.3,3*38
$GNGSA,A,3,14,21,22,26,,,,,,,,,1.6,0.9,1.3,4*3A
$GNGSA,A,3,,,,,,,,,,,,,1.6,0.9,1.3,5*39
$GPGSV,3,1,09,03,18,210,,04,80,276,48,07,22,284,25,08,17,171,31,1*60
$GPGSV,3,2,09,09,45,309,41,16,71,059,50,26,38,052,38,27,36,137,36,1*60
$GPGSV,3,3,09,31,22,083,24,1*52
$GLGSV,2,1,05,70,43,170,32,71,65,305,43,73,65,290,48,74,22,247,30,1*7C
$GLGSV,2,2,05,80,31,118,32,1*4E
$GAGSV,1,1,03,05,40,095,40,13,62,201,43,15,28,318,34,7*48
$BDGSV,2,1,06,14,56,274,40,21,59,222,41,22,21,170,32,26,43,262,35,1*7C
$BDGSV,2,2,06,29,14,106,,36,21,062,26,1*7C
$GQGSV,1,1,00,1*65
$GNZDA,000028.03,15,08,2026,00,00*7B
$GNGLL,5128.67330,N,00000.24326,E,000028.03,A,A*70
$GNRMC,000029.03,A,5128.67314,N,00000.24107,E,4.95,263.27,150826,,,A,V*39
$GNVTG,263.27,T,,M,4.95,N,9.17,K,A*26
$GNGGA,000029.03,5128.67314,N,00000.24107,E,1,18,1.0,48.18,M,45.30,M,,*4C
$GNGSA,A,3,03,04,07,08,09,16,26,27,31,,,,1.7,1.0,1.4,1*36
$GNGSA,A,3,70,71,73,,,,,,,,,,1.7,1.0,1.4,2*35
$GNGSA,A,3,05,13,,,,,,,,,,,1.7,1.0,1.4,3*36
$GNGSA,A,3,14,21,22,26,,,,,,,,,1.7,1.0,1.4,4*34
$GNGSA,A,3,,,,,,,,,,,,,1.7,1.0,1.4,5*37
$GNZDA,000029.03,15,08,2026,00,00*7A
$GNGLL,5128.67314,N,00000.24107,E,000029.03,A,A*76
$GNRMC,000030.00,A,5128.67296,N,00000.23864,E,5.50,263.26,150826,,,A,V*3B
$GNVTG,263.26,T,,M,5.50,N,10.19,K,A*19
$GNGGA,000030.00,5128.67296,N,00000.23864,E,1,16,1.1,48.53,M,45.30,M,,*47
$GNGSA,A,3,03,04,07,08,09,16,26,,,,,,1.8,1.1,1.5,1*3E
$GNGSA,A,3,70,71,73,,,,,,,,,,1.8,1.1,1.5,2*3A
$GNGSA,A,3,05,13,,,,,,,,,,,1.8,1.1,1.5,3*39
$GNGSA,A,3,14,21,22,26,,,,,,,,,1.8,1.1,1.5,4*3B
$GNGSA,A,3,,,,,,,,,,,,,1.8,1.1,1.5,5*38
$GPGSV,3,1,09,03,18,210,,04,80,276,48,07,22,284,25,08,17,171,,1*62
$GPGSV,3,2,09,09,45,309,40,16,71,059,49,26,38,052,34,27,36,137,37,1*64
$GPGSV,3,3,09,31,22,083,29,1*5F
$GLGSV,2,1,05,70,43,170,41,71,65,305,47,73,65,290,44,74,22,247,29,1*78
$GLGSV,2,2,05,80,31,118,35,1*49
$GAGSV,1,1,03,05,40,095,35,13,62,201,41,15,28,318,26,7*4B
$BDGSV,2,1,06,14,56,274,37,21,59,222,43,22,21,170,29,26,43,262,38,1*79
$BDGSV,2,2,06,29,14,106,28,36,21,062,33,1*72
$GQGSV,1,1,00,1*65
$GNGGA,000030.00,5128.67296,N,00000.23864,E,1,09,0.9,46.0,M,45.3,M,,*00
$GNZDA,000030.00,15,08,2026,00,00*71
$GNGLL,5128.67296,N,00000.23864,E,000030.00,A,A*7D
$GPTXT,01,01,02,ANTENNA OK*36
$GNRMC,000031.03,A,5128.67277,N,00000.23596,E,6.05,263.18,150826,,,A,V*38
$GNVTG,263.18,T,,M,6.05,N,11.20,K,A*1C
$GNGGA,000031.03,5128.67277,N,00000.23596,E,1,17,1.0,48.68,M,45.30,M,,*42
$GNGSA,A,3,03,04,07,08,09,16,26,27,,,,,1.7,1.0,1.4,1*34
$GNGSA,A,3,70,71,73,,,,,,,,,,1.7,1.0,1.4,2*35
$GNGSA,A,3,05,13,,,,,,,,,,,1.7,1.0,1.4,3*36
$GNGSA,A,3,14,21,22,26,,,,,,,,,1.7,1.0,1.4,4*34
$GNGSA,A,3,,,,,,,,,,,,,1.7,1.0,1.4,5*37
$GNZDA,000031.03,15,08,2026,00,00*73
$GNGLL,5128.67277,N,00000.23596,E,000031.03,A,A*70
$GNRMC,000032.03,A,5128.67254,N,00000.23304,E,6.60,263.05,150826,,,A,V*38
$GNVTG,263.05,T,,M,6.60,N,12.22,K,A*12
$GNGGA,000032.03,5128.67254,N,00000.23304,E,1,18,1.0,49.01,M,45.30,M,,*4C
$GNGSA,A,3,03,04,07,08,09,16,26,27,31,,,,1.7,1.0,1.4,1*36
$GNGSA,A,3,70,71,73,,,,,,,,,,1.7,1.0,1.4,2*35
$GNGSA,A,3,05,13,,,,,,,,,,,1.7,1.0,1.4,3*36
$GNGSA,A,3,14,21,22,26,,,,,,,,,1.7,1.0,1.4,4*34
$GNGSA,A,3,,,,,,,,,,,,,1.7,1.0,1.4,5*37
$GPGSV,3,1,09,03,18,210,28,04,80,276,50,07,22,284,28,08,17,171,27,1*69
$GPGSV,3,2,09,09,45,309,33,16,71,059,49,26,38,052,34,27,36,137,33,1*64
$GPGSV,3,3,09,31,22,083,27,1*51
$GLGSV,2,1,05,70,43,170,41,71,65,305,43,73,65,290,48,74,22,247,28,1*71
$GLGSV,2,2,05,80,31,118,34,1*48
$GAGSV,1,1,03,05,40,095,36,13,62,201,46,15,28,318,30,7*48
$BDGSV,2,1,06,14,56,274,40,21,59,222,43,22,21,170,32,26,43,262,42,1*7E
$BDGSV,2,2,06,29,14,106,,36,21,062,27,1*7D
$GQGSV,1,1,00,1*65
$GNZDA,000032.03,15,08,2026,00,00*70
$GNGLL,5128.67254,N,00000.23304,E,000032.03,A,A*7F
$GNRMC,000033.03,A,5128.67230,N,00000.22988,E,7.15,263.05,150826,,,A,V*37
$GNVTG,263.05,T,,M,7.15,N,13.24,K,A*16
$GNGGA,000033.03,5128.67230,N,00000.22988,E,1,16,1.0,49.25,M,45.30,M,,*48
$GNGSA,A,3,03,04,07,08,09,16,26,,,,,,1.7,1.0,1.4,1*31
$GNGSA,A,3,70,71,73,,,,,,,,,,1.7,1.0,1.4,2*35
$GNGSA,A,3,05,13,,,,,,,,,,,1.7,1.0,1.4,3*36
$GNGSA,A,3,14,21,22,26,,,,,,,,,1.7,1.0,1.4,4*34
$GNGSA,A,3,,,,,,,,,,,,,1.7,1.0,1.4,5*37
$GNZDA,000033.03,15,08,2026,00,00*71
$GNGLL,5128.67230,N,00000.22988,E,000033.03,A,A*73
$GNRMC,000034.03,A,5128.67205,N,00000.22648,E,7.70,263.22,150826,,,A,V*33
$GNVTG,263.22,T,,M,7.70,N,14.26,K,A*15
$GNGGA,000034.03,5128.67205,N,00000.22648,E,1,17,1.0,49.74,M,45.30,M,,*4F
$GNGSA,A,3,03,04,07,08,09,16,26,27,,,,,1.7,1.0,1.4,1*34
$GNGSA,A,3,70,71,73,,,,,,,,,,1.7,1.0,1.4,2*35
$GNGSA,A,3,05,13,,,,,,,,,,,1.7,1.0,1.4,3*36
$GNGSA,A,3,14,21,22,26,,,,,,,,,1.7,1.0,1.4,4*34
$GNGSA,A,3,,,,,,,,,,,,,1.7,1.0,1.4,5*37
$GPGSV,3,1,09,03,18,210,29,04,80,276,50,07,22,284,27,08,17,171,31,1*60
$GPGSV,3,2,09,09,45,309,40,16,71,059,48,26,38,052,36,27,36,137,38,1*68
$GPGSV,3,3,09,31,22,083,26,1*50
$GLGSV,2,1,05,70,43,170,39,71,65,305,45,73,65,290,43,74,22,247,26,1*7D
$GLGSV,2,2,05,80,31,118,33,1*4F
$GAGSV,1,1,03,05,40,095,33,13,62,201,45,15,28,318,33,7*4D
$BDGSV,2,1,06,14,56,274,41,21,59,222,46,22,21,170,31,26,43,262,40,1*7B
$BDGSV,2,2,06,29,14,106,25,36,21,062,25,1*78
$GQGSV,1,1,00,1*65
$GNZDA,000034.03,15,08,2026,00,00*76
$GNGLL,5128.67205,N,00000.22648,E,000034.03,A,A*71
$GNRMC,000035.00,A,5128.67178,N,00000.22283,E,8.25,263.05,150826,,,A,V*31
$GNVTG,263.05,T,,M,8.25,N,15.28,K,A*10
$GNGGA,000035.00,5128.67178,N,00000.22283,E,1,18,1.0,50.01,M,45.30,M,,*42
$GNGSA,A,3,03,04,07,08,09,16,26,27,31,,,,1.7,1.0,1.4,1*36
$GNGSA,A,3,70,71,73,,,,,,,,,,1.7,1.0,1.4,2*35
$GNGSA,A,3,05,13,,,,,,,,,,,1.7,1.0,1.4,3*36
$GNGSA,A,3,14,21,22,26,,,,,,,,,1.7,1.0,1.4,4*34
$GNGSA,A,3,,,,,,,,,,,,,1.7,1.0,1.4,5*37
$GNZDA,000035.00,15,08,2026,00,00*74
$GNGLL,5128.67178,N,00000.22283,E,000035.00,A,A*79
$GNRMC,000036.03,A,5128.67148,N,00000.21895,E,8.80,263.14,150826,,,A,V*33
$GNVTG,263.14,T,,M,8.80,N,16.30,K,A*15
$GNGGA,000036.03,5128.67148,N,00000.21895,E,1,16,1.1,50.44,M,45.30,M,,*41
$GNGSA,A,3,03,04,07,08,09,16,26,,,,,,1.8,1.1,1.5,1*3E
$GNGSA,A,3,70,71,73,,,,,,,,,,1.8,1.1,1.5,2*3A
$GNGSA,A,3,05,13,,,,,,,,,,,1.8,1.1,1.5,3*39
$GNGSA,A,3,14,21,22,26,,,,,,,,,1.8,1.1,1.5,4*3B
$GNGSA,A,3,,,,,,,,,,,,,1.8,1.1,1.5,5*38
$GPGSV,3,1,09,03,18,210,,04,80,276,50,07,22,284,34,08,17,171,,1*6B
$GPGSV,3,2,09,09,45,309,41,16,71,059,47,26,38,052,37,27,36,137,34,1*6B
$GPGSV,3,3,09,31,22,083,30,1*57
$GLGSV,2,1,05,70,43,170,34,71,65,305,43,73,65,290,48,74,22,247,31,1*7B
$GLGSV,2,2,05,80,31,118,31,1*4D
$GAGSV,1,1,03,05,40,095,38,13,62,201,41,15,28,318,28,7*48
$BDGSV,2,1,06,14,56,274,37,21,59,222,43,22,21,170,34,26,43,262,37,1*7A
$BDGSV,2,2,06,29,14,106,,36,21,062,25,1*7F
$GQGSV,1,1,00,1*65
$GNZDA,000036.03,15,08,2026,00,00*74
$GNGLL,5128.67148,N,00000.21895,E,000036.03,A,A*74
$GNRMC,000037.03,A,5128.67117,N,00000.21481,E,9.35,263.03,150826,,,A,V*38
$GNVTG,263.03,T,,M,9.35,N,17.32,K,A*1F
$GNGGA,000037.03,5128.67117,N,00000.21481,E,1,17,1.0,50.93,M,45.30,M,,*49
$GNGSA,A,3,03,04,07,08,09,16,26,27,,,,,1.7,1.0,1.4,1*34
$GNGSA,A,3,70,71,73,,,,,,,,,,1.7,1.0,1.4,2*35
$GNGSA,A,3,05,13,,,,,,,,,,,1.7,1.0,1.4,3*36
$GNGSA,A,3,14,21,22,26,,,,,,,,,1.7,1.0,1.4,4*34
$GNGSA,A,3,,,,,,,,,,,,,1.7,1.0,1.4,5*37
$GNZDA,000037.03,15,08,2026,00,00*75
$GNGLL,5128.67117,N,00000.21481,E,000037.03,A,A*76
$GNRMC,000038.03,A,5128.67083,N,00000.21044,E,9.90,262.82,150826,,,A,V*31
$GNVTG,262.82,T,,M,9.90,N,18.33,K,A*16
$GNGGA,000038.03,5128.67083,N,00000.21044,E,1,18,1.1,51.30,M,45.30,M,,*41
$GNGSA,A,3,03,04,07,08,09,16,26,27,31,,,,1.8,1.1,1.5,1*39
$GNGSA,A,3,70,71,73,,,,,,,,,,1.8,1.1,1.5,2*3A
$GNGSA,A,3,05,13,,,,,,,,,,,1.8,1.1,1.5,3*39
$GNGSA,A,3,14,21,22,26,,,,,,,,,1.8,1.1,1.5,4*3B
$GNGSA,A,3,,,,,,,,,,,,,1.8,1.1,1.5,5*38
$GPGSV,3,1,09,03,18,210,29,04,80,276,45,07,22,284,29,08,17,171,,1*68
$GPGSV,3,2,09,09,45,309,34,16,71,059,48,26,38,052,33,27,36,137,36,1*60
$GPGSV,3,3,09,31,22,083,33,1*54
$GLGSV,2,1,05,70,43,170,35,71,65,305,39,73,65,290,43,74,22,247,28,1*74
$GLGSV,2,2,05,80,31,118,29,1*44
$GAGSV,1,1,03,05,40,095,40,13,62,201,41,15,28,318,31,7*4F
$BDGSV,2,1,06,14,56,274,42,21,59,222,45,22,21,170,28,26,43,262,34,1*70
$BDGSV,2,2,06,29,14,106,,36,21,062,33,1*78
$GQGSV,1,1,00,1*65
$GNZDA,000038.03,15,08,2026,00,00*7A
$GNGLL,5128.67083,N,00000.21044,E,000038.03,A,A*78
$GNRMC,000039.03,A,5128.67047,N,00000.20582,E,10.45,262.96,150826,,,A,V*03
$GNVTG,262.96,T,,M,10.45,N,19.35,K,A*24
$GNGGA,000039.03,5128.67047,N,00000.20582,E,1,16,1.1,51.71,M,45.30,M,,*4D
$GNGSA,A,3,03,04,07,08,09,16,26,,,,,,1.8,1.1,1.5,1*3E
$GNGSA,A,3,70,71,73,,,,,,,,,,1.8,1.1,1.5,2*3A
$GNGSA,A,3,05,13,,,,,,,,,,,1.8,1.1,1.5,3*39
$GNGSA,A,3,14,21,22,26,,,,,,,,,1.8,1.1,1.5,4*3B
$GNGSA,A,3,,,,,,,,,,,,,1.8,1.1,1.5,5*38
$GNZDA,000039.03,15,08,2026,00,00*7B
$GNGLL,5128.67047,N,00000.20582,E,000039.03,A,A*7F
$GNRMC,000040.00,A,5128.67009,N,00000.20097,E,11.00,262.75,150826,,,A,V*08
$GNVTG,262.75,T,,M,11.00,N,20.37,K,A*21
$GNGGA,000040.00,5128.67009,N,00000.20097,E,1,17,1.2,52.21,M,45.30,M,,*4F
$GNGSA,A,3,03,04,07,08,09,16,26,27,,,,,1.9,1.2,1.6,1*3A
$GNGSA,A,3,70,71,73,,,,,,,,,,1.9,1.2,1.6,2*3B
$GNGSA,A,3,05,13,,,,,,,,,,,1.9,1.2,1.6,3*38
$GNGSA,A,3,14,21,22,26,,,,,,,,,1.9,1.2,1.6,4*3A
$GNGSA,A,3,,,,,,,,,,,,,1.9,1.2,1.6,5*39
$GPGSV,3,1,09,03,18,210,,04,80,276,48,07,22,284,32,08,17,171,28,1*6E
$GPGSV,3,2,09,09,45,309,38,16,71,059,43,26,38,052,30,27,36,137,32,1*60
$GPGSV,3,3,09,31,22,083,29,1*5F
$GLGSV,2,1,05,70,43,170,32,71,65,305,46,73,65,290,49,74,22,247,34,1*7C
$GLGSV,2,2,05,80,31,118,31,1*4D
$GAGSV,1,1,03,05,40,095,38,13,62,201,42,15,28,318,34,7*46
$BDGSV,2,1,06,14,56,274,39,21,59,222,43,22,21,170,31,26,43,262,36,1*70
$BDGSV,2,2,06,29,14,106,,36,21,062,25,1*7F
$GQGSV,1,1,00,1*65
$GNZDA,000040.00,15,08,2026,00,00*76
$GNGLL,5128.67009,N,00000.20097,E,000040.00,A,A*79
$GNRMC,000041.03,A,5128.66970,N,00000.19586,E,11.55,263.03,150826,,,A,V*03
$GNVTG,263.03,T,,M,11.55,N,21.39,K,A*2E
$GNGGA,000041.03,5128.66970,N,00000.19586,E,1,18,1.0,52.62,M,45.30,M,,*4E
$GNGSA,A,3,03,04,07,08,09,16,26,27,31,,,,1.7,1.0,1.4,1*36
$GNGSA,A,3,70,71,73,,,,,,,,,,1.7,1.0,1.4,2*35
$GNGSA,A,3,05,13,,,,,,,,,,,1.7,1.0,1.4,3*36
$GNGSA,A,3,14,21,22,26,,,,,,,,,1.7,1.0,1.4,4*34
$GNGSA,A,3,,,,,,,,,,,,,1.7,1.0,1.4,5*37
$GNZDA,000041.03,15,08,2026,00,00*74
$GNGLL,5128.66970,N,00000.19586,E,000041.03,A,A*72
$GNRMC,000042.03,A,5128.66931,N,00000.19051,E,12.10,263.32,150826,,,A,V*0A
$GNVTG,263.32,T,,M,12.10,N,22.41,K,A*22
$GNGGA,000042.03,5128.66931,N,00000.19051,E,1,16,1.0,53.02,M,45.30,M,,*4E
$GNGSA,A,3,03,04,07,08,09,16,26,,,,,,1.7,1.0,1.4,1*31
$GNGSA,A,3,70,71,73,,,,,,,,,,1.7,1.0,1.4,2*35
$GNGSA,A,3,05,13,,,,,,,,,,,1.7,1.0,1.4,3*36
$GNGSA,A,3,14,21,22,26,,,,,,,,,1.7,1.0,1.4,4*34
$GNGSA,A,3,,,,,,,,,,,,,1.7,1.0,1.4,5*37
$GPGSV,3,1,09,03,18,210,,04,80,276,50,07,22,284,30,08,17,171,,1*6F
$GPGSV,3,2,09,09,45,309,36,16,71,059,43,26,38,052,33,27,36,137,34,1*6B
$GPGSV,3,3,09,31,22,083,32,1*55
$GLGSV,2,1,05,70,43,170,35,71,65,305,39,73,65,290,46,74,22,247,30,1*78
$GLGSV,2,2,05,80,31,118,34,1*48
$GAGSV,1,1,03,05,40,095,31,13,62,201,44,15,28,318,31,7*4C
$BDGSV,2,1,06,14,56,274,37,21,59,222,45,22,21,170,28,26,43,262,33,1*75
$BDGSV,2,2,06,29,14,106,,36,21,062,24,1*7E
$GQGSV,1,1,00,1*65
$GNZDA,000042.03,15,08,2026,00,00*77
$GNGLL,5128.66931,N,00000.19051,E,000042.03,A,A*7B
$GNRMC,000043.03,A,5128.66892,N,00000.18491,E,12.65,263.63,150826,,,A,V*0C
$GNVTG,263.63,T,,M,12.65,N,23.43,K,A*27
$GNGGA,000043.03,5128.66892,N,00000.18491,E,1,17,1.2,53.43,M,45.30,M,,*48
$GNGSA,A,3,03,04,07,08,09,16,26,27,,,,,1.9,1.2,1.6,1*3A
$GNGSA,A,3,70,71,73,,,,,,,,,,1.9,1.2,1.6,2*3B
$GNGSA,A,3,05,13,,,,,,,,,,,1.9,1.2,1.6,3*38
$GNGSA,A,3,14,21,22,26,,,,,,,,,1.9,1.2,1.6,4*3A
$GNGSA,A,3,,,,,,,,,,,,,1.9,1.2,1.6,5*39
$GNZDA,000043.03,15,08,2026,00,00*76
$GNGLL,5128.66892,N,00000.18491,E,000043.03,A,A*7B
$GNRMC,000044.03,A,5128.66850,N,00000.17907,E,13.20,263.49,150826,,,A,V*00
$GNVTG,263.49,T,,M,13.20,N,24.45,K,A*2E
$GNGGA,000044.03,5128.66850,N,00000.17907,E,1,18,1.2,53.89,M,45.30,M,,*45
$GNGSA,A,3,03,04,07,08,09,16,26,27,31,,,,1.9,1.2,1.6,1*38
$GNGSA,A,3,70,71,73,,,,,,,,,,1.9,1.2,1.6,2*3B
$GNGSA,A,3,05,13,,,,,,,,,,,1.9,1.2,1.6,3*38
$GNGSA,A,3,14,21,22,26,,,,,,,,,1.9,1.2,1.6,4*3A
$GNGSA,A,3,,,,,,,,,,,,,1.9,1.2,1.6,5*39
$GPGSV,3,1,09,03,18,210,,04,80,276,47,07,22,284,34,08,17,171,,1*6D
$GPGSV,3,2,09,09,45,309,32,16,71,059,43,26,38,052,34,27,36,137,38,1*64
$GPGSV,3,3,09,31,22,083,32,1*55
$GLGSV,2,1,05,70,43,170,32,71,65,305,47,73,65,290,43,74,22,247,32,1*71
$GLGSV,2,2,05,80,31,118,30,1*4C
$GAGSV,1,1,03,05,40,095,37,13,62,201,42,15,28,318,27,7*4B
$BDGSV,2,1,06,14,56,274,44,21,59,222,45,22,21,170,27,26,43,262,37,1*7A
$BDGSV,2,2,06,29,14,106,25,36,21,062,26,1*7B
$GQGSV,1,1,00,1*65
$GNZDA,000044.03,15,08,2026,00,00*71
$GNGLL,5128.66850,N,00000.17907,E,000044.03,A,A*7F
$GNRMC,000045.00,A,5128.66806,N,00000.17300,E,13.75,263.27,150826,,,A,V*04
$GNVTG,263.27,T,,M,13.75,N,25.47,K,A*25
$GNGGA,000045.00,5128.66806,N,00000.17300,E,1,16,1.2,54.40,M,45.30,M,,*45
$GNGSA,A,3,03,04,07,08,09,16,26,,,,,,1.9,1.2,1.6,1*3F
$GNGSA,A,3,70,71,73,,,,,,,,,,1.9,1.2,1.6,2*3B
$GNGSA,A,3,05,13,,,,,,,,,,,1.9,1.2,1.6,3*38
$GNGSA,A,3,14,21,22,26,,,,,,,,,1.9,1.2,1.6,4*3A
$GNGSA,A,3,,,,,,,,,,,,,1.9,1.2,1.6,5*39
$GNZDA,000045.00,15,08,2026,00,00*73
$GNGLL,5128.66806,N,00000.17300,E,000045.00,A,A*73
$GNRMC,000046.03,A,5128.66758,N,00000.16668,E,14.30,263.04,150826,,,A,V*0D
$GNVTG,263.04,T,,M,14.30,N,26.48,K,A*2E
$GNGGA,000046.03,5128.66758,N,00000.16668,E,1,17,1.2,54.74,M,45.30,M,,*4D
$GNGSA,A,3,03,04,07,08,09,16,26,27,,,,,1.9,1.2,1.6,1*3A
$GNGSA,A,3,70,71,73,,,,,,,,,,1.9,1.2,1.6,2*3B
$GNGSA,A,3,05,13,,,,,,,,,,,1.9,1.2,1.6,3*38
$GNGSA,A,3,14,21,22,26,,,,,,,,,1.9,1.2,1.6,4*3A
$GNGSA,A,3,,,,,,,,,,,,,1.9,1.2,1.6,5*39
$GPGSV,3,1,09,03,18,210,25,04,80,276,49,07,22,284,28,08,17,171,,1*69
$GPGSV,3,2,09,09,45,309,39,16,71,059,49,26,38,052,35,27,36,137,35,1*69
$GPGSV,3,3,09,31,22,083,25,1*53
$GLGSV,2,1,05,70,43,170,39,71,65,305,41,73,65,290,40,74,22,247,28,1*74
$GLGSV,2,2,05,80,31,118,35,1*49
$GAGSV,1,1,03,05,40,095,35,13,62,201,41,15,28,318,29,7*44
$BDGSV,2,1,06,14,56,274,41,21,59,222,45,22,21,170,31,26,43,262,34,1*7B
$BDGSV,2,2,06,29,14,106,,36,21,062,26,1*7C
$GQGSV,1,1,00,1*65
$GNZDA,000046.03,15,08,2026,00,00*73
$GNGLL,5128.66758,N,00000.16668,E,000046.03,A,A*7D
$GNRMC,000047.03,A,5128.66710,N,00000.16011,E,14.85,263.36,150826,,,A,V*07
$GNVTG,263.36,T,,M,14.85,N,27.50,K,A*29
$GNGGA,000047.03,5128.66710,N,00000.16011,E,1,18,1.2,55.01,M,45.30,M,,*44
$GNGSA,A,3,03,04,07,08,09,16,26,27,31,,,,1.9,1.2,1.6,1*38
$GNGSA,A,3,70,71,73,,,,,,,,,,1.9,1.2,1.6,2*3B
$GNGSA,A,3,05,13,,,,,,,,,,,1.9,1.2,1.6,3*38
$GNGSA,A,3,14,21,22,26,,,,,,,,,1.9,1.2,1.6,4*3A
$GNGSA,A,3,,,,,,,,,,,,,1.9,1.2,1.6,5*39
$GNZDA,000047.03,15,08,2026,00,00*72
$GNGLL,5128.66710,N,00000.16011,E,000047.03,A,A*78
$GNRMC,000048.03,A,5128.66660,N,00000.15330,E,15.40,263.22,150826,,,A,V*00
$GNVTG,263.22,T,,M,15.40,N,28.52,K,A*29
$GNGGA,000048.03,5128.66660,N,00000.15330,E,1,16,1.2,55.21,M,45.30,M,,*42
$GNGSA,A,3,03,04,07,08,09,16,26,,,,,,1.9,1.2,1.6,1*3F
$GNGSA,A,3,70,71,73,,,,,,,,,,1.9,1.2,1.6,2*3B
$GNGSA,A,3,05,13,,,,,,,,,,,1.9,1.2,1.6,3*38
$GNGSA,A,3,14,21,22,26,,,,,,,,,1.9,1.2,1.6,4*3A
$GNGSA,A,3,,,,,,,,,,,,,1.9,1.2,1.6,5*39
$GPGSV,3,1,09,03,18,210,28,04,80,276,45,07,22,284,29,08,17,171,25,1*6E
$GPGSV,3,2,09,09,45,309,36,16,71,059,50,26,38,052,37,27,36,137,34,1*6D
$GPGSV,3,3,09,31,22,083,25,1*53
$GLGSV,2,1,05,70,43,170,34,71,65,305,39,73,65,290,47,74,22,247,28,1*71
$GLGSV,2,2,05,80,31,118,33,1*4F
$GAGSV,1,1,03,05,40,095,35,13,62,201,39,15,28,318,31,7*42
$BDGSV,2,1,06,14,56,274,40,21,59,222,39,22,21,170,30,26,43,262,37,1*73
$BDGSV,2,2,06,29,14,106,,36,21,062,25,1*7F
$GQGSV,1,1,00,1*65
$GNZDA,000048.03,15,08,2026,00,00*7D
$GNGLL,5128.66660,N,00000.15330,E,000048.03,A,A*72
$GNRMC,000049.03,A,5128.66608,N,00000.14625,E,15.95,263.24,150826,,,A,V*01
$GNVTG,263.24,T,,M,15.95,N,29.54,K,A*20
$GNGGA,000049.03,5128.66608,N,00000.14625,E,1,17,1.3,55.67,M,45.30,M,,*4F
$GNGSA,A,3,03,04,07,08,09,16,26,27,,,,,2.0,1.3,1.7,1*30
$GNGSA,A,3,70,71,73,,,,,,,,,,2.0,1.3,1.7,2*31
$GNGSA,A,3,05,13,,,,,,,,,,,2.0,1.3,1.7,3*32
$GNGSA,A,3,14,21,22,26,,,,,,,,,2.0,1.3,1.7,4*30
$GNGSA,A,3,,,,,,,,,,,,,2.0,1.3,1.7,5*33
$GNZDA,000049.03,15,08,2026,00,00*7C
$GNGLL,5128.66608,N,00000.14625,E,000049.03,A,A*7D
$GNRMC,000050.00,A,5128.66553,N,00000.13896,E,16.50,263.13,150826,,,A,V*08
$GNVTG,263.13,T,,M,16.50,N,30.56,K,A*24
$GNGGA,000050.00,5128.66553,N,00000.13896,E,1,18,1.2,56.07,M,45.30,M,,*43
$GNGSA,A,3,03,04,07,08,09,16,26,27,31,,,,1.9,1.2,1.6,1*38
$GNGSA,A,3,70,71,73,,,,,,,,,,1.9,1.2,1.6,2*3B
$GNGSA,A,3,05,13,,,,,,,,,,,1.9,1.2,1.6,3*38
$GNGSA,A,3,14,21,22,26,,,,,,,,,1.9,1.2,1.6,4*3A
$GNGSA,A,3,,,,,,,,,,,,,1.9,1.2,1.6,5*39
$GPGSV,3,1,09,03,18,210,31,04,80,276,50,07,22,284,28,08,17,171,30,1*67
$GPGSV,3,2,09,09,45,309,34,16,71,059,42,26,38,052,31,27,36,137,38,1*66
$GPGSV,3,3,09,31,22,083,28,1*5E
$GLGSV,2,1,05,70,43,170,37,71,65,305,45,73,65,290,40,74,22,247,33,1*74
$GLGSV,2,2,05,80,31,118,31,1*4D
$GAGSV,1,1,03,05,40,095,33,13,62,201,41,15,28,318,27,7*4C
$BDGSV,2,1,06,14,56,274,45,21,59,222,43,22,21,170,31,26,43,262,37,1*7A
$BDGSV,2,2,06,29,14,106,30,36,21,062,32,1*7A
$GQGSV,1,1,00,1*65
$GNZDA,000050.00,15,08,2026,00,00*77
$GNGLL,5128.66553,N,00000.13896,E,000050.00,A,A*7A
$GNRMC,000051.03,A,5128.66498,N,00000.13142,E,17.05,263.29,150826,,,A,V*04
$GNVTG,263.29,T,,M,17.05,N,31.58,K,A*23
$GNGGA,000051.03,5128.66498,N,00000.13142,E,1,16,1.1,56.63,M,45.30,M,,*48
$GNGSA,A,3,03,04,07,08,09,16,26,,,,,,1.8,1.1,1.5,1*3E
$GNGSA,A,3,70,71,73,,,,,,,,,,1.8,1.1,1.5,2*3A
$GNGSA,A,3,05,13,,,,,,,,,,,1.8,1.1,1.5,3*39
$GNGSA,A,3,14,21,22,26,,,,,,,,,1.8,1.1,1.5,4*3B
$GNGSA,A,3,,,,,,,,,,,,,1.8,1.1,1.5,5*38
$GNZDA,000051.03,15,08,2026,00,00*75
$GNGLL,5128.66498,N,00000.13142,E,000051.03,A,A*7E
$GNRMC,000052.03,A,5128.66443,N,00000.12363,E,17.60,263.59,150826,,,A,V*05
$GNVTG,263.59,T,,M,17.60,N,32.60,K,A*2F
$GNGGA,000052.03,5128.66443,N,00000.12363,E,1,17,1.3,56.92,M,45.30,M,,*40
$GNGSA,A,3,03,04,07,08,09,16,26,27,,,,,2.0,1.3,1.7,1*30
$GNGSA,A,3,70,71,73,,,,,,,,,,2.0,1.3,1.7,2*31
$GNGSA,A,3,05,13,,,,,,,,,,,2.0,1.3,1.7,3*32
$GNGSA,A,3,14,21,22,26,,,,,,,,,2.0,1.3,1.7,4*30
$GNGSA,A,3,,,,,,,,,,,,,2.0,1.3,1.7,5*33
$GPGSV,3,1,09,03,18,210,,04,80,276,49,07,22,284,31,08,17,171,,1*66
$GPGSV,3,2,09,09,45,309,37,16,71,059,46,26,38,052,34,27,36,137,30,1*6C
$GPGSV,3,3,09,31,22,083,29,1*5F
$GLGSV,2,1,05,70,43,170,35,71,65,305,42,73,65,290,48,74,22,247,28,1*73
$GLGSV,2,2,05,80,31,118,36,1*4A
$GAGSV,1,1,03,05,40,095,37,13,62,201,45,15,28,318,29,7*42
$BDGSV,2,1,06,14,56,274,43,21,59,222,40,22,21,170,29,26,43,262,37,1*76
$BDGSV,2,2,06,29,14,106,,36,21,062,25,1*7F
$GQGSV,1,1,00,1*65
$GNZDA,000052.03,15,08,2026,00,00*76
$GNGLL,5128.66443,N,00000.12363,E,000052.03,A,A*7B
$GNRMC,000053.03,A,5128.66387,N,00000.11560,E,18.15,263.56,150826,,,A,V*0F
$GNVTG,263.56,T,,M,18.15,N,33.61,K,A*2D
$GNGGA,000053.03,5128.66387,N,00000.11560,E,1,18,1.2,57.30,M,45.30,M,,*4F
$GNGSA,A,3,03,04,07,08,09,16,26,27,31,,,,1.9,1.2,1.6,1*38
$GNGSA,A,3,70,71,73,,,,,,,,,,1.9,1.2,1.6,2*3B
$GNGSA,A,3,05,13,,,,,,,,,,,1.9,1.2,1.6,3*38
$GNGSA,A,3,14,21,22,26,,,,,,,,,1.9,1.2,1.6,4*3A
$GNGSA,A,3,,,,,,,,,,,,,1.9,1.2,1.6,5*39
$GNZDA,000053.03,15,08,2026,00,00*77
$GNGLL,5128.66387,N,00000.11560,E,000053.03,A,A*73
$GNRMC,000054.03,A,5128.66331,N,00000.10733,E,18.70,263.79,150826,,,A,V*0E
$GNVTG,263.79,T,,M,18.70,N,34.63,K,A*26
$GNGGA,000054.03,5128.66331,N,00000.10733,E,1,16,1.2,57.73,M,45.30,M,,*49
$GNGSA,A,3,03,04,07,08,09,16,26,,,,,,1.9,1.2,1.6,1*3F
$GNGSA,A,3,70,71,73,,,,,,,,,,1.9,1.2,1.6,2*3B
$GNGSA,A,3,05,13,,,,,,,,,,,1.9,1.2,1.6,3*38
$GNGSA,A,3,14,21,22,26,,,,,,,,,1.9,1.2,1.6,4*3A
$GNGSA,A,3,,,,,,,,,,,,,1.9,1.2,1.6,5*39
$GPGSV,3,1,09,03,18,210,,04,80,276,49,07,22,284,27,08,17,171,23,1*60
$GPGSV,3,2,09,09,45,309,33,16,71,059,44,26,38,052,32,27,36,137,34,1*68
$GPGSV,3,3,09,31,22,083,26,1*50
$GLGSV,2,1,05,70,43,170,32,71,65,305,40,73,65,290,45,74,22,247,33,1*71
$GLGSV,2,2,05,80,31,118,30,1*4C
$GAGSV,1,1,03,05,40,095,32,13,62,201,45,15,28,318,28,7*46
$BDGSV,2,1,06,14,56,274,39,21,59,222,42,22,21,170,31,26,43,262,36,1*71
$BDGSV,2,2,06,29,14,106,27,36,21,062,33,1*7D
$GQGSV,1,1,00,1*65
$GNZDA,000054.03,15,08,2026,00,00*70
$GNGLL,5128.66331,N,00000.10733,E,000054.03,A,A*7C
$GNRMC,000055.00,A,5128.66274,N,00000.09880,E,19.25,263.90,150826,,,A,V*05
$GNVTG,263.90,T,,M,19.25,N,35.65,K,A*27
$GNGGA,000055.00,5128.66274,N,00000.09880,E,1,17,1.1,57.98,M,45.30,M,,*43
$GNGSA,A,3,03,04,07,08,09,16,26,27,,,,,1.8,1.1,1.5,1*3B
$GNGSA,A,3,70,71,73,,,,,,,,,,1.8,1.1,1.5,2*3A
$GNGSA,A,3,05,13,,,,,,,,,,,1.8,1.1,1.5,3*39
$GNGSA,A,3,14,21,22,26,,,,,,,,,1.8,1.1,1.5,4*3B
$GNGSA,A,3,,,,,,,,,,,,,1.8,1.1,1.5,5*38
$GNZDA,000055.00,15,08,2026,00,00*72
$GNGLL,5128.66274,N,00000.09880,E,000055.00,A,A*71
$GNRMC,000056.03,A,5128.66215,N,00000.09004,E,19.80,263.84,150826,,,A,V*0C
$GNVTG,263.84,T,,M,19.80,N,36.67,K,A*2C
$GNGGA,000056.03,5128.66215,N,00000.09004,E,1,18,1.2,58.44,M,45.30,M,,*42
$GNGSA,A,3,03,04,07,08,09,16,26,27,31,,,,1.9,1.2,1.6,1*38
$GNGSA,A,3,70,71,73,,,,,,,,,,1.9,1.2,1.6,2*3B
$GNGSA,A,3,05,13,,,,,,,,,,,1.9,1.2,1.6,3*38
$GNGSA,A,3,14,21,22,26,,,,,,,,,1.9,1.2,1.6,4*3A
$GNGSA,A,3,,,,,,,,,,,,,1.9,1.2,1.6,5*39
$GPGSV,3,1,09,03,18,210,28,04,80,276,49,07,22,284,33,08,17,171,24,1*68
$GPGSV,3,2,09,09,45,309,35,16,71,059,50,26,38,052,33,27,36,137,32,1*6C
$GPGSV,3,3,09,31,22,083,26,1*50
$GLGSV,2,1,05,70,43,170,35,71,65,305,48,73,65,290,46,74,22,247,32,1*7C
$GLGSV,2,2,05,80,31,118,36,1*4A
$GAGSV,1,1,03,05,40,095,39,13,62,201,40,15,28,318,28,7*48
$BDGSV,2,1,06,14,56,274,37,21,59,222,44,22,21,170,25,26,43,262,40,1*7D
$BDGSV,2,2,06,29,14,106,26,36,21,062,26,1*78
$GQGSV,1,1,00,1*65
$GNZDA,000056.03,15,08,2026,00,00*72
$GNGLL,5128.66215,N,00000.09004,E,000056.03,A,A*72
$GNRMC,000057.03,A,5128.66157,N,00000.08103,E,20.35,264.08,150826,,,A,V*08
$GNVTG,264.08,T,,M,20.35,N,37.69,K,A*24
$GNGGA,000057.03,5128.66157,N,00000.08103,E,1,16,1.1,58.75,M,45.30,M,,*4E
$GNGSA,A,3,03,04,07,08,09,16,26,,,,,,1.8,1.1,1.5,1*3E
$GNGSA,A,3,70,71,73,,,,,,,,,,1.8,1.1,1.5,2*3A
$GNGSA,A,3,05,13,,,,,,,,,,,1.8,1.1,1.5,3*39
$GNGSA,A,3,14,21,22,26,,,,,,,,,1.8,1.1,1.5,4*3B
$GNGSA,A,3,,,,,,,,,,,,,1.8,1.1,1.5,5*38
$GNZDA,000057.03,15,08,2026,00,00*73
$GNGLL,5128.66157,N,00000.08103,E,000057.03,A,A*71
$GNRMC,000058.03,A,5128.66096,N,00000.07177,E,20.90,263.99,150826,,,A,V*07
$GNVTG,263.99,T,,M,20.90,N,38.71,K,A*22
$GNGGA,000058.03,5128.66096,N,00000.07177,E,1,17,1.3,58.98,M,45.30,M,,*41
$GNGSA,A,3,03,04,07,08,09,16,26,27,,,,,2.0,1.3,1.7,1*30
$GNGSA,A,3,70,71,73,,,,,,,,,,2.0,1.3,1.7,2*31
$GNGSA,A,3,05,13,,,,,,,,,,,2.0,1.3,1.7,3*32
$GNGSA,A,3,14,21,22,26,,,,,,,,,2.0,1.3,1.7,4*30
$GNGSA,A,3,,,,,,,,,,,,,2.0,1.3,1.7,5*33
$GPGSV,3,1,09,03,18,210,31,04,80,276,46,07,22,284,24,08,17,171,,1*6F
$GPGSV,3,2,09,09,45,309,40,16,71,059,50,26,38,052,35,27,36,137,34,1*6E
$GPGSV,3,3,09,31,22,083,30,1*57
$GLGSV,2,1,05,70,43,170,37,71,65,305,47,73,65,290,49,74,22,247,28,1*75
$GLGSV,2,2,05,80,31,118,33,1*4F
$GAGSV,1,1,03,05,40,095,34,13,62,201,45,15,28,318,31,7*48
$BDGSV,2,1,06,14,56,274,37,21,59,222,38,22,21,170,33,26,43,262,38,1*7E
$BDGSV,2,2,06,29,14,106,27,36,21,062,27,1*78
$GQGSV,1,1,00,1*65
$GNZDA,000058.03,15,08,2026,00,00*7C
$GNGLL,5128.66096,N,00000.07177,E,000058.03,A,A*7E
$GNRMC,000059.03,A,5128.66036,N,00000.06227,E,21.45,264.16,150826,,,A,V*02
$GNVTG,264.16,T,,M,21.45,N,39.73,K,A*28
$GNGGA,000059.03,5128.66036,N,00000.06227,E,1,18,1.3,59.34,M,45.30,M,,*45
$GNGSA,A,3,03,04,07,08,09,16,26,27,31,,,,2.0,1.3,1.7,1*32
$GNGSA,A,3,70,71,73,,,,,,,,,,2.0,1.3,1.7,2*31
$GNGSA,A,3,05,13,,,,,,,,,,,2.0,1.3,1.7,3*32
$GNGSA,A,3,14,21,22,26,,,,,,,,,2.0,1.3,1.7,4*30
$GNGSA,A,3,,,,,,,,,,,,,2.0,1.3,1.7,5*33
$GNZDA,000059.03,15,08,2026,00,00*7D
$GNGLL,5128.66036,N,00000.06227,E,000059.03,A,A*72
$GNRMC,000100.00,A,5128.65976,N,00000.05253,E,22.00,264.43,150826,,,A,V*00
$GNVTG,264.43,T,,M,22.00,N,40.74,K,A*23
$GNGGA,000100.00,5128.65976,N,00000.05253,E,1,16,1.3,59.73,M,45.30,M,,*48
$GNGSA,A,3,03,04,07,08,09,16,26,,,,,,2.0,1.3,1.7,1*35
$GNGSA,A,3,70,71,73,,,,,,,,,,2.0,1.3,1.7,2*31
$GNGSA,A,3,05,13,,,,,,,,,,,2.0,1.3,1.7,3*32
$GNGSA,A,3,14,21,22,26,,,,,,,,,2.0,1.3,1.7,4*30
$GNGSA,A,3,,,,,,,,,,,,,2.0,1.3,1.7,5*33
$GPGSV,3,1,09,03,18,210,,04,80,276,50,07,22,284,30,08,17,171,,1*6F
$GPGSV,3,2,09,09,45,309,32,16,71,059,42,26,38,052,30,27,36,137,31,1*68
$GPGSV,3,3,09,31,22,083,32,1*55
$GLGSV,2,1,05,70,43,170,35,71,65,305,43,73,65,290,44,74,22,247,24,1*72
$GLGSV,2,2,05,80,31,118,34,1*48
$GAGSV,1,1,03,05,40,095,32,13,62,201,47,15,28,318,29,7*45
$BDGSV,2,1,06,14,56,274,43,21,59,222,44,22,21,170,29,26,43,262,33,1*76
$BDGSV,2,2,06,29,14,106,29,36,21,062,26,1*77
$GQGSV,1,1,00,1*65
$GNZDA,000100.00,15,08,2026,00,00*73
$GNGLL,5128.65976,N,00000.05253,E,000100.00,A,A*72
$GPTXT,01,01,02,ANTENNA OK*36
$GNRMC,000101.03,A,5128.65915,N,00000.04254,E,22.55,264.36,150826,,,A,V*03
$GNVTG,264.36,T,,M,22.55,N,41.76,K,A*22
$GNGGA,000101.03,5128.65915,N,00000.04254,E,1,17,1.2,60.05,M,45.30,M,,*42
$GNGSA,A,3,03,04,07,08,09,16,26,27,,,,,1.9,1.2,1.6,1*3A
$GNGSA,A,3,70,71,73,,,,,,,,,,1.9,1.2,1.6,2*3B
$GNGSA,A,3,05,13,,,,,,,,,,,1.9,1.2,1.6,3*38
$GNGSA,A,3,14,21,22,26,,,,,,,,,1.9,1.2,1.6,4*3A
$GNGSA,A,3,,,,,,,,,,,,,1.9,1.2,1.6,5*39
$GNZDA,000101.03,15,08,2026,00,00*71
$GNGLL,5128.65915,N,00000.04254,E,000101.03,A,A*73
$GNRMC,000102.03,A,5128.65856,N,00000.03230,E,23.10,264.70,150826,,,A,V*01
$GNVTG,264.70,T,,M,23.10,N,42.78,K,A*2D
$GNGGA,000102.03,5128.65856,N,00000.03230,E,1,18,1.3,60.28,M,45.30,M,,*43
$GNGSA,A,3,03,04,07,08,09,16,26,27,31,,,,2.0,1.3,1.7,1*32
$GNGSA,A,3,70,71,73,,,,,,,,,,2.0,1.3,1.7,2*31
$GNGSA,A,3,05,13,,,,,,,,,,,2.0,1.3,1.7,3*32
$GNGSA,A,3,14,21,22,26,,,,,,,,,2.0,1.3,1.7,4*30
$GNGSA,A,3,,,,,,,,,,,,,2.0,1.3,1.7,5*33
$GPGSV,3,1,09,03,18,210,31,04,80,276,45,07,22,284,28,08,17,171,31,1*62
$GPGSV,3,2,09,09,45,309,40,16,71,059,42,26,38,052,40,27,36,137,36,1*6D
$GPGSV,3,3,09,31,22,083,34,1*53
$GLGSV,2,1,05,70,43,170,35,71,65,305,41,73,65,290,43,74,22,247,26,1*75
$GLGSV,2,2,05,80,31,118,36,1*4A
$GAGSV,1,1,03,05,40,095,38,13,62,201,40,15,28,318,32,7*42
$BDGSV,2,1,06,14,56,274,40,21,59,222,45,22,21,170,26,26,43,262,39,1*71
$BDGSV,2,2,06,29,14,106,24,36,21,062,33,1*7E
$GQGSV,1,1,00,1*65
$GNZDA,000102.03,15,08,2026,00,00*72
$GNGLL,5128.65856,N,00000.03230,E,000102.03,A,A*73
$GNRMC,000103.03,A,5128.65798,N,00000.02181,E,23.65,264.97,150826,,,A,V*0E
$GNVTG,264.97,T,,M,23.65,N,43.80,K,A*20
$GNGGA,000103.03,5128.65798,N,00000.02181,E,1,16,1.2,60.65,M,45.30,M,,*41
$GNGSA,A,3,03,04,07,08,09,16,26,,,,,,1.9,1.2,1.6,1*3F
$GNGSA,A,3,70,71,73,,,,,,,,,,1.9,1.2,1.6,2*3B
$GNGSA,A,3,05,13,,,,,,,,,,,1.9,1.2,1.6,3*38
$GNGSA,A,3,14,21,22,26,,,,,,,,,1.9,1.2,1.6,4*3A
$GNGSA,A,3,,,,,,,,,,,,,1.9,1.2,1.6,5*39
$GNZDA,000103.03,15,08,2026,00,00*73
$GNGLL,5128.65798,N,00000.02181,E,000103.03,A,A*77
$GNRMC,000104.03,A,5128.65741,N,00000.01107,E,24.20,265.08,150826,,,A,V*01
$GNVTG,265.08,T,,M,24.20,N,44.82,K,A*24
$GNGGA,000104.03,5128.65741,N,00000.01107,E,1,17,1.2,60.86,M,45.30,M,,*43
$GNGSA,A,3,03,04,07,08,09,16,26,27,,,,,1.9,1.2,1.6,1*3A
$GNGSA,A,3,70,71,73,,,,,,,,,,1.9,1.2,1.6,2*3B
$GNGSA,A,3,05,13,,,,,,,,,,,1.9,1.2,1.6,3*38
$GNGSA,A,3,14,21,22,26,,,,,,,,,1.9,1.2,1.6,4*3A
$GNGSA,A,3,,,,,,,,,,,,,1.9,1.2,1.6,5*39
$GPGSV,3,1,09,03,18,210,28,04,80,276,50,07,22,284,25,08,17,171,,1*61
$GPGSV,3,2,09,09,45,309,41,16,71,059,50,26,38,052,32,27,36,137,35,1*69
$GPGSV,3,3,09,31,22,083,26,1*50
$GLGSV,2,1,05,70,43,170,37,71,65,305,42,73,65,290,48,74,22,247,29,1*70
$GLGSV,2,2,05,80,31,118,29,1*44
$GAGSV,1,1,03,05,40,095,31,13,62,201,46,15,28,318,33,7*4C
$BDGSV,2,1,06,14,56,274,38,21,59,222,42,22,21,170,33,26,43,262,40,1*73
$BDGSV,2,2,06,29,14,106,24,36,21,062,29,1*75
$GQGSV,1,1,00,1*65
$GNZDA,000104.03,15,08,2026,00,00*74
$GNGLL,5128.65741,N,00000.01107,E,000104.03,A,A*79
$GNRMC,000105.00,A,5128.65679,N,00000.00010,E,24.75,264.89,150826,,,A,V*07
$GNVTG,264.89,T,,M,24.75,N,45.84,K,A*2B
$GNGGA,000105.00,5128.65679,N,00000.00010,E,1,18,1.4,61.16,M,45.30,M,,*4C
$GNGSA,A,3,03,04,07,08,09,16,26,27,31,,,,2.1,1.4,1.8,1*3B
$GNGSA,A,3,70,71,73,,,,,,,,,,2.1,1.4,1.8,2*38
$GNGSA,A,3,05,13,,,,,,,,,,,2.1,1.4,1.8,3*3B
$GNGSA,A,3,14,21,22,26,,,,,,,,,2.1,1.4,1.8,4*39
$GNGSA,A,3,,,,,,,,,,,,,2.1,1.4,1.8,5*3A
$GNZDA,000105.00,15,08,2026,00,00*76
$GNGLL,5128.65679,N,00000.00010,E,000105.00,A,A*77
$GNRMC,000106.03,A,5128.65617,N,00000.01112,W,25.30,264.89,150826,,,A,V*1F
$GNVTG,264.89,T,,M,25.30,N,46.86,K,A*2A
$GNGGA,000106.03,5128.65617,N,00000.01112,W,1,16,1.3,61.47,M,45.30,M,,*59
$GNGSA,A,3,03,04,07,08,09,16,26,,,,,,2.0,1.3,1.7,1*35
$GNGSA,A,3,70,71,73,,,,,,,,,,2.0,1.3,1.7,2*31
$GNGSA,A,3,05,13,,,,,,,,,,,2.0,1.3,1.7,3*32
$GNGSA,A,3,14,21,22,26,,,,,,,,,2.0,1.3,1.7,4*30
$GNGSA,A,3,,,,,,,,,,,,,2.0,1.3,1.7,5*33
$GPGSV,3,1,09,03,18,210,,04,80,276,46,07,22,284,32,08,17,171,,1*6A
$GPGSV,3,2,09,09,45,309,33,16,71,059,50,26,38,052,37,27,36,137,39,1*65
$GPGSV,3,3,09,31,22,083,28,1*5E
$GLGSV,2,1,05,70,43,170,38,71,65,305,47,73,65,290,40,74,22,247,33,1*79
$GLGSV,2,2,05,80,31,118,33,1*4F
$GAGSV,1,1,03,05,40,095,32,13,62,201,42,15,28,318,35,7*4D
$BDGSV,2,1,06,14,56,274,39,21,59,222,45,22,21,170,33,26,43,262,39,1*7B
$BDGSV,2,2,06,29,14,106,23,36,21,062,32,1*78
$GQGSV,1,1,00,1*65
$GNZDA,000106.03,15,08,2026,00,00*76
$GNGLL,5128.65617,N,00000.01112,W,000106.03,A,A*6F
$GNRMC,000107.03,A,5128.65557,N,00000.02259,W,25.85,265.20,150826,,,A,V*1A
$GNVTG,265.20,T,,M,25.85,N,47.87,K,A*26
$GNGGA,000107.03,5128.65557,N,00000.02259,W,1,17,1.3,62.00,M,45.30,M,,*51
$GNGSA,A,3,03,04,07,08,09,16,26,27,,,,,2.0,1.3,1.7,1*30
$GNGSA,A,3,70,71,73,,,,,,,,,,2.0,1.3,1.7,2*31
$GNGSA,A,3,05,13,,,,,,,,,,,2.0,1.3,1.7,3*32
$GNGSA,A,3,14,21,22,26,,,,,,,,,2.0,1.3,1.7,4*30
$GNGSA,A,3,,,,,,,,,,,,,2.0,1.3,1.7,5*33
$GNZDA,000107.03,15,08,2026,00,00*77
$GNGLL,5128.65557,N,00000.02259,W,000107.03,A,A*66
$GNRMC,000108.03,A,5128.65496,N,00000.03430,W,26.40,265.22,150826,,,A,V*19
$GNVTG,265.22,T,,M,26.40,N,48.89,K,A*2F
$GNGGA,000108.03,5128.65496,N,00000.03430,W,1,18,1.3,62.52,M,45.30,M,,*52
$GNGSA,A,3,03,04,07,08,09,16,26,27,31,,,,2.0,1.3,1.7,1*32
$GNGSA,A,3,70,71,73,,,,,,,,,,2.0,1.3,1.7,2*31
$GNGSA,A,3,05,13,,,,,,,,,,,2.0,1.3,1.7,3*32
$GNGSA,A,3,14,21,22,26,,,,,,,,,2.0,1.3,1.7,4*30
$GNGSA,A,3,,,,,,,,,,,,,2.0,1.3,1.7,5*33
$GPGSV,3,1,09,03,18,210,,04,80,276,50,07,22,284,25,08,17,171,,1*6B
$GPGSV,3,2,09,09,45,309,36,16,71,059,43,26,38,052,31,27,36,137,39,1*64
$GPGSV,3,3,09,31,22,083,25,1*53
$GLGSV,2,1,05,70,43,170,41,71,65,305,44,73,65,290,42,74,22,247,27,1*73
$GLGSV,2,2,05,80,31,118,34,1*48
$GAGSV,1,1,03,05,40,095,35,13,62,201,46,15,28,318,26,7*4C
$BDGSV,2,1,06,14,56,274,44,21,59,222,39,22,21,170,28,26,43,262,40,1*7E
$BDGSV,2,2,06,29,14,106,,36,21,062,29,1*73
$GQGSV,1,1,00,1*65
$GNZDA,000108.03,15,08,2026,00,00*78
$GNGLL,5128.65496,N,00000.03430,W,000108.03,A,A*6D
$GNRMC,000109.03,A,5128.65437,N,00000.04626,W,26.95,265.51,150826,,,A,V*1D
$GNVTG,265.51,T,,M,26.95,N,49.91,K,A*2B
$GNGGA,000109.03,5128.65437,N,00000.04626,W,1,16,1.2,62.75,M,45.30,M,,*50
$GNGSA,A,3,03,04,07,08,09,16,26,,,,,,1.9,1.2,1.6,1*3F
$GNGSA,A,3,70,71,73,,,,,,,,,,1.9,1.2,1.6,2*3B
$GNGSA,A,3,05,13,,,,,,,,,,,1.9,1.2,1.6,3*38
$GNGSA,A,3,14,21,22,26,,,,,,,,,1.9,1.2,1.6,4*3A
$GNGSA,A,3,,,,,,,,,,,,,1.9,1.2,1.6,5*39
$GNZDA,000109.03,15,08,2026,00,00*79
$GNGLL,5128.65437,N,00000.04626,W,000109.03,A,A*65
$GNRMC,000110.00,A,5128.65376,N,00000.05899,W,28.67,265.60,150826,,,A,V*1E
$GNVTG,265.60,T,,M,28.67,N,53.11,K,A*29
$GNGGA,000110.00,5128.65376,N,00000.05899,W,1,17,1.3,63.05,M,45.30,M,,*54
$GNGSA,A,3,03,04,07,08,09,16,26,27,,,,,2.0,1.3,1.7,1*30
$GNGSA,A,3,70,71,73,,,,,,,,,,2.0,1.3,1.7,2*31
$GNGSA,A,3,05,13,,,,,,,,,,,2.0,1.3,1.7,3*32
$GNGSA,A,3,14,21,22,26,,,,,,,,,2.0,1.3,1.7,4*30
$GNGSA,A,3,,,,,,,,,,,,,2.0,1.3,1.7,5*33
$GPGSV,3,1,09,03,18,210,30,04,80,276,45,07,22,284,30,08,17,171,24,1*6E
$GPGSV,3,2,09,09,45,309,40,16,71,059,42,26,38,052,38,27,36,137,35,1*61
$GPGSV,3,3,09,31,22,083,26,1*50
$GLGSV,2,1,05,70,43,170,36,71,65,305,48,73,65,290,47,74,22,247,29,1*74
$GLGSV,2,2,05,80,31,118,33,1*4F
$GAGSV,1,1,03,05,40,095,31,13,62,201,45,15,28,318,34,7*48
$BDGSV,2,1,06,14,56,274,45,21,59,222,46,22,21,170,26,26,43,262,36,1*78
$BDGSV,2,2,06,29,14,106,,36,21,062,33,1*78
$GQGSV,1,1,00,1*65
$GNZDA,000110.00,15,08,2026,00,00*72
$GNGLL,5128.65376,N,00000.05899,W,000110.00,A,A*67
$GNRMC,000111.03,A,5128.65318,N,00000.07164,W,28.49,265.79,150826,,,A,V*19
$GNVTG,265.79,T,,M,28.49,N,52.75,K,A*2E
$GNGGA,000111.03,5128.65318,N,00000.07164,W,1,18,1.4,63.55,M,45.30,M,,*5A
$GNGSA,A,3,03,04,07,08,09,16,26,27,31,,,,2.1,1.4,1.8,1*3B
$GNGSA,A,3,70,71,73,,,,,,,,,,2.1,1.4,1.8,2*38
$GNGSA,A,3,05,13,,,,,,,,,,,2.1,1.4,1.8,3*3B
$GNGSA,A,3,14,21,22,26,,,,,,,,,2.1,1.4,1.8,4*39
$GNGSA,A,3,,,,,,,,,,,,,2.1,1.4,1.8,5*3A
$GNZDA,000111.03,15,08,2026,00,00*70
$GNGLL,5128.65318,N,00000.07164,W,000111.03,A,A*64
$GNRMC,000112.03,A,5128.65260,N,00000.08420,W,28.29,265.76,150826,,,A,V*17
$GNVTG,265.76,T,,M,28.29,N,52.40,K,A*21
$GNGGA,000112.03,5128.65260,N,00000.08420,W,1,16,1.3,63.97,M,45.30,M,,*5A
$GNGSA,A,3,03,04,07,08,09,16,26,,,,,,2.0,1.3,1.7,1*35
$GNGSA,A,3,70,71,73,,,,,,,,,,2.0,1.3,1.7,2*31
$GNGSA,A,3,05,13,,,,,,,,,,,2.0,1.3,1.7,3*32
$GNGSA,A,3,14,21,22,26,,,,,,,,,2.0,1.3,1.7,4*30
$GNGSA,A,3,,,,,,,,,,,,,2.0,1.3,1.7,5*33
$GPGSV,3,1,09,03,18,210,,04,80,276,45,07,22,284,33,08,17,171,28,1*62
$GPGSV,3,2,09,09,45,309,34,16,71,059,43,26,38,052,37,27,36,137,39,1*60
$GPGSV,3,3,09,31,22,083,34,1*53
$GLGSV,2,1,05,70,43,170,36,71,65,305,49,73,65,290,49,74,22,247,32,1*71
$GLGSV,2,2,05,80,31,118,31,1*4D
$GAGSV,1,1,03,05,40,095,35,13,62,201,42,15,28,318,29,7*47
$BDGSV,2,1,06,14,56,274,40,21,59,222,46,22,21,170,26,26,43,262,35,1*7E
$BDGSV,2,2,06,29,14,106,22,36,21,062,30,1*7B
$GQGSV,1,1,00,1*65
$GNZDA,000112.03,15,08,2026,00,00*73
$GNGLL,5128.65260,N,00000.08420,W,000112.03,A,A*63
$GNRMC,000113.03,A,5128.65200,N,00000.09667,W,28.10,265.59,150826,,,A,V*17
$GNVTG,265.59,T,,M,28.10,N,52.04,K,A*26
$GNGGA,000113.03,5128.65200,N,00000.09667,W,1,17,1.4,64.50,M,45.30,M,,*57
$GNGSA,A,3,03,04,07,08,09,16,26,27,,,,,2.1,1.4,1.8,1*39
$GNGSA,A,3,70,71,73,,,,,,,,,,2.1,1.4,1.8,2*38
$GNGSA,A,3,05,13,,,,,,,,,,,2.1,1.4,1.8,3*3B
$GNGSA,A,3,14,21,22,26,,,,,,,,,2.1,1.4,1.8,4*39
$GNGSA,A,3,,,,,,,,,,,,,2.1,1.4,1.8,5*3A
$GNZDA,000113.03,15,08,2026,00,00*72
$GNGLL,5128.65200,N,00000.09667,W,000113.03,A,A*64
$GNRMC,000114.03,A,5128.65143,N,00000.10906,W,27.90,265.77,150826,,,A,V*1F
$GNVTG,265.77,T,,M,27.90,N,51.68,K,A*24
$GNGGA,000114.03,5128.65143,N,00000.10906,W,1,18,1.3,64.98,M,45.30,M,,*58
$GNGSA,A,3,03,04,07,08,09,16,26,27,31,,,,2.0,1.3,1.7,1*32
$GNGSA,A,3,70,71,73,,,,,,,,,,2.0,1.3,1.7,2*31
$GNGSA,A,3,05,13,,,,,,,,,,,2.0,1.3,1.7,3*32
$GNGSA,A,3,14,21,22,26,,,,,,,,,2.0,1.3,1.7,4*30
$GNGSA,A,3,,,,,,,,,,,,,2.0,1.3,1.7,5*33
$GPGSV,3,1,09,03,18,210,,04,80,276,49,07,22,284,33,08,17,171,26,1*60
$GPGSV,3,2,09,09,45,309,40,16,71,059,49,26,38,052,36,27,36,137,36,1*67
$GPGSV,3,3,09,31,22,083,24,1*52
$GLGSV,2,1,05,70,43,170,37,71,65,305,45,73,65,290,41,74,22,247,29,1*7E
$GLGSV,2,2,05,80,31,118,36,1*4A
$GAGSV,1,1,03,05,40,095,32,13,62,201,45,15,28,318,34,7*4B
$BDGSV,2,1,06,14,56,274,38,21,59,222,47,22,21,170,28,26,43,262,34,1*7F
$BDGSV,2,2,06,29,14,106,26,36,21,062,29,1*77
$GQGSV,1,1,00,1*65
$GNZDA,000114.03,15,08,2026,00,00*75
$GNGLL,5128.65143,N,00000.10906,W,000114.03,A,A*67
$GNRMC,000115.00,A,5128.65090,N,00000.12136,W,27.71,266.05,150826,,,A,V*12
$GNVTG,266.05,T,,M,27.71,N,51.31,K,A*21
$GNGGA,000115.00,5128.65090,N,00000.12136,W,1,16,1.3,65.44,M,45.30,M,,*52
$GNGSA,A,3,03,04,07,08,09,16,26,,,,,,2.0,1.3,1.7,1*35
$GNGSA,A,3,70,71,73,,,,,,,,,,2.0,1.3,1.7,2*31
$GNGSA,A,3,05,13,,,,,,,,,,,2.0,1.3,1.7,3*32
$GNGSA,A,3,14,21,22,26,,,,,,,,,2.0,1.3,1.7,4*30
$GNGSA,A,3,,,,,,,,,,,,,2.0,1.3,1.7,5*33
$GNZDA,000115.00,15,08,2026,00,00*77
$GNGLL,5128.65090,N,00000.12136,W,000115.00,A,A*63
$GNRMC,000116.03,A,5128.65043,N,00000.13359,W,27.51,266.40,150826,,,A,V*15
$GNVTG,266.40,T,,M,27.51,N,50.94,K,A*2C
$GNGGA,000116.03,5128.65043,N,00000.13359,W,1,17,1.3,65.81,M,45.30,M,,*5E
$GNGSA,A,3,03,04,07,08,09,16,26,27,,,,,2.0,1.3,1.7,1*30
$GNGSA,A,3,70,71,73,,,,,,,,,,2.0,1.3,1.7,2*31
$GNGSA,A,3,05,13,,,,,,,,,,,2.0,1.3,1.7,3*32
$GNGSA,A,3,14,21,22,26,,,,,,,,,2.0,1.3,1.7,4*30
$GNGSA,A,3,,,,,,,,,,,,,2.0,1.3,1.7,5*33
$GPGSV,3,1,09,03,18,210,,04,80,276,49,07,22,284,32,08,17,171,,1*65
$GPGSV,3,2,09,09,45,309,36,16,71,059,48,26,38,052,36,27,36,137,33,1*62
$GPGSV,3,3,09,31,22,083,29,1*5F
$GLGSV,2,1,05,70,43,170,33,71,65,305,46,73,65,290,48,74,22,247,27,1*7E
$GLGSV,2,2,05,80,31,118,32,1*4E
$GAGSV,1,1,03,05,40,095,36,13,62,201,42,15,28,318,27,7*4A
$BDGSV,2,1,06,14,56,274,40,21,59,222,42,22,21,170,33,26,43,262,32,1*79
$BDGSV,2,2,06,29,14,106,30,36,21,062,29,1*70
$GQGSV,1,1,00,1*65
$GNZDA,000116.03,15,08,2026,00,00*77
$GNGLL,5128.65043,N,00000.13359,W,000116.03,A,A*67
$GNRMC,000117.03,A,5128.64997,N,00000.14572,W,27.31,266.57,150826,,,A,V*1D
$GNVTG,266.57,T,,M,27.31,N,50.57,K,A*23
$GNGGA,000117.03,5128.64997,N,00000.14572,W,1,18,1.2,66.16,M,45.30,M,,*55
$GNGSA,A,3,03,04,07,08,09,16,26,27,31,,,,1.9,1.2,1.6,1*38
$GNGSA,A,3,70,71,73,,,,,,,,,,1.9,1.2,1.6,2*3B
$GNGSA,A,3,05,13,,,,,,,,,,,1.9,1.2,1.6,3*38
$GNGSA,A,3,14,21,22,26,,,,,,,,,1.9,1.2,1.6,4*3A
$GNGSA,A,3,,,,,,,,,,,,,1.9,1.2,1.6,5*39
$GNZDA,000117.03,15,08,2026,00,00*76
$GNGLL,5128.64997,N,00000.14572,W,000117.03,A,A*6F
$GNRMC,000118.03,A,5128.64952,N,00000.15777,W,27.11,266.53,150826,,,A,V*1B
$GNVTG,266.53,T,,M,27.11,N,50.20,K,A*25
$GNGGA,000118.03,5128.64952,N,00000.15777,W,1,16,1.3,66.70,M,45.30,M,,*5A
$GNGSA,A,3,03,04,07,08,09,16,26,,,,,,2.0,1.3,1.7,1*35
$GNGSA,A,3,70,71,73,,,,,,,,,,2.0,1.3,1.7,2*31
$GNGSA,A,3,05,13,,,,,,,,,,,2.0,1.3,1.7,3*32
$GNGSA,A,3,14,21,22,26,,,,,,,,,2.0,1.3,1.7,4*30
$GNGSA,A,3,,,,,,,,,,,,,2.0,1.3,1.7,5*33
$GPGSV,3,1,09,03,18,210,28,04,80,276,50,07,22,284,27,08,17,171,28,1*69
$GPGSV,3,2,09,09,45,309,37,16,71,059,45,26,38,052,30,27,36,137,37,1*6C
$GPGSV,3,3,09,31,22,083,32,1*55
$GLGSV,2,1,05,70,43,170,35,71,65,305,47,73,65,290,46,74,22,247,32,1*73
$GLGSV,2,2,05,80,31,118,37,1*4B
$GAGSV,1,1,03,05,40,095,31,13,62,201,46,15,28,318,36,7*49
$BDGSV,2,1,06,14,56,274,45,21,59,222,41,22,21,170,29,26,43,262,38,1*7E
$BDGSV,2,2,06,29,14,106,,36,21,062,29,1*73
$GQGSV,1,1,00,1*65
$GNZDA,000118.03,15,08,2026,00,00*79
$GNGLL,5128.64952,N,00000.15777,W,000118.03,A,A*6F
$GNRMC,000119.03,A,5128.64905,N,00000.16972,W,26.91,266.40,150826,,,A,V*1B
$GNVTG,266.40,T,,M,26.91,N,49.83,K,A*2F
$GNGGA,000119.03,5128.64905,N,00000.16972,W,1,17,1.4,67.24,M,45.30,M,,*57
$GNGSA,A,3,03,04,07,08,09,16,26,27,,,,,2.1,1.4,1.8,1*39
$GNGSA,A,3,70,71,73,,,,,,,,,,2.1,1.4,1.8,2*38
$GNGSA,A,3,05,13,,,,,,,,,,,2.1,1.4,1.8,3*3B
$GNGSA,A,3,14,21,22,26,,,,,,,,,2.1,1.4,1.8,4*39
$GNGSA,A,3,,,,,,,,,,,,,2.1,1.4,1.8,5*3A
$GNZDA,000119.03,15,08,2026,00,00*78
$GNGLL,5128.64905,N,00000.16972,W,000119.03,A,A*64
$GNRMC,000120.00,A,5128.64859,N,00000.18159,W,26.71,266.49,150826,,,A,V*12
$GNVTG,266.49,T,,M,26.71,N,49.46,K,A*21
$GNGGA,000120.00,5128.64859,N,00000.18159,W,1,18,1.3,67.48,M,45.30,M,,*5B
$GNGSA,A,3,03,04,07,08,09,16,26,27,31,,,,2.0,1.3,1.7,1*32
$GNGSA,A,3,70,71,73,,,,,,,,,,2.0,1.3,1.7,2*31
$GNGSA,A,3,05,13,,,,,,,,,,,2.0,1.3,1.7,3*32
$GNGSA,A,3,14,21,22,26,,,,,,,,,2.0,1.3,1.7,4*30
$GNGSA,A,3,,,,,,,,,,,,,2.0,1.3,1.7,5*33
$GPGSV,3,1,09,03,18,210,30,04,80,276,50,07,22,284,33,08,17,171,,1*6F
$GPGSV,3,2,09,09,45,309,41,16,71,059,50,26,38,052,37,27,36,137,38,1*61
$GPGSV,3,3,09,31,22,083,28,1*5E
$GLGSV,2,1,05,70,43,170,32,71,65,305,42,73,65,290,39,74,22,247,33,1*78
$GLGSV,2,2,05,80,31,118,29,1*44
$GAGSV,1,1,03,05,40,095,38,13,62,201,45,15,28,318,34,7*41
$BDGSV,2,1,06,14,56,274,44,21,59,222,40,22,21,170,24,26,43,262,36,1*7D
$BDGSV,2,2,06,29,14,106,29,36,21,062,26,1*77
$GQGSV,1,1,00,1*65
$GNZDA,000120.00,15,08,2026,00,00*71
$GNGLL,5128.64859,N,00000.18159,W,000120.00,A,A*6A
$GNRMC,000121.03,A,5128.64816,N,00000.19337,W,26.51,266.60,150826,,,A,V*19
$GNVTG,266.60,T,,M,26.51,N,49.09,K,A*23
$GNGGA,000121.03,5128.64816,N,00000.19337,W,1,16,1.3,67.65,M,45.30,M,,*58
$GNGSA,A,3,03,04,07,08,09,16,26,,,,,,2.0,1.3,1.7,1*35
$GNGSA,A,3,70,71,73,,,,,,,,,,2.0,1.3,1.7,2*31
$GNGSA,A,3,05,13,,,,,,,,,,,2.0,1.3,1.7,3*32
$GNGSA,A,3,14,21,22,26,,,,,,,,,2.0,1.3,1.7,4*30
$GNGSA,A,3,,,,,,,,,,,,,2.0,1.3,1.7,5*33
$GNZDA,000121.03,15,08,2026,00,00*73
$GNGLL,5128.64816,N,00000.19337,W,000121.03,A,A*68
$GNRMC,000122.03,A,5128.64773,N,00000.20507,W,26.31,266.60,150826,,,A,V*1F
$GNVTG,266.60,T,,M,26.31,N,48.73,K,A*29
$GNGGA,000122.03,5128.64773,N,00000.20507,W,1,17,1.4,68.16,M,45.30,M,,*55
$GNGSA,A,3,03,04,07,08,09,16,26,27,,,,,2.1,1.4,1.8,1*39
$GNGSA,A,3,70,71,73,,,,,,,,,,2.1,1.4,1.8,2*38
$GNGSA,A,3,05,13,,,,,,,,,,,2.1,1.4,1.8,3*3B
$GNGSA,A,3,14,21,22,26,,,,,,,,,2.1,1.4,1.8,4*39
$GNGSA,A,3,,,,,,,,,,,,,2.1,1.4,1.8,5*3A
$GPGSV,3,1,09,03,18,210,23,04,80,276,50,07,22,284,25,08,17,171,,1*6A
$GPGSV,3,2,09,09,45,309,37,16,71,059,43,26,38,052,36,27,36,137,32,1*69
$GPGSV,3,3,09,31,22,083,29,1*5F
$GLGSV,2,1,05,70,43,170,33,71,65,305,46,73,65,290,45,74,22,247,26,1*72
$GLGSV,2,2,05,80,31,118,27,1*4A
$GAGSV,1,1,03,05,40,095,39,13,62,201,38,15,28,318,30,7*4E
$BDGSV,2,1,06,14,56,274,45,21,59,222,42,22,21,170,33,26,43,262,37,1*79
$BDGSV,2,2,06,29,14,106,27,36,21,062,28,1*77
$GQGSV,1,1,00,1*65
$GNZDA,000122.03,15,08,2026,00,00*70
$GNGLL,5128.64773,N,00000.20507,W,000122.03,A,A*68
$GNRMC,000123.03,A,5128.64733,N,00000.21667,W,26.11,266.87,150826,,,A,V*15
$GNVTG,266.87,T,,M,26.11,N,48.36,K,A*23
$GNGGA,000123.03,5128.64733,N,00000.21667,W,1,18,1.4,68.68,M,45.30,M,,*52
$GNGSA,A,3,03,04,07,08,09,16,26,27,31,,,,2.1,1.4,1.8,1*3B
$GNGSA,A,3,70,71,73,,,,,,,,,,2.1,1.4,1.8,2*38
$GNGSA,A,3,05,13,,,,,,,,,,,2.1,1.4,1.8,3*3B
$GNGSA,A,3,14,21,22,26,,,,,,,,,2.1,1.4,1.8,4*39
$GNGSA,A,3,,,,,,,,,,,,,2.1,1.4,1.8,5*3A
$GNZDA,000123.03,15,08,2026,00,00*71
$GNGLL,5128.64733,N,00000.21667,W,000123.03,A,A*69
$GNRMC,000124.03,A,5128.64694,N,00000.22819,W,25.92,266.86,150826,,,A,V*13
$GNVTG,266.86,T,,M,25.92,N,48.00,K,A*2F
$GNGGA,000124.03,5128.64694,N,00000.22819,W,1,16,1.3,68.99,M,45.30,M,,*5A
$GNGSA,A,3,03,04,07,08,09,16,26,,,,,,2.0,1.3,1.7,1*35
$GNGSA,A,3,70,71,73,,,,,,,,,,2.0,1.3,1.7,2*31
$GNGSA,A,3,05,13,,,,,,,,,,,2.0,1.3,1.7,3*32
$GNGSA,A,3,14,21,22,26,,,,,,,,,2.0,1.3,1.7,4*30
$GNGSA,A,3,,,,,,,,,,,,,2.0,1.3,1.7,5*33
$GPGSV,3,1,09,03,18,210,23,04,80,276,49,07,22,284,28,08,17,171,26,1*6B
$GPGSV,3,2,09,09,45,309,38,16,71,059,47,26,38,052,38,27,36,137,38,1*66
$GPGSV,3,3,09,31,22,083,33,1*54
$GLGSV,2,1,05,70,43,170,33,71,65,305,47,73,65,290,44,74,22,247,29,1*7D
$GLGSV,2,2,05,80,31,118,32,1*4E
$GAGSV,1,1,03,05,40,095,34,13,62,201,41,15,28,318,33,7*4E
$BDGSV,2,1,06,14,56,274,39,21,59,222,39,22,21,170,28,26,43,262,38,1*7B
$BDGSV,2,2,06,29,14,106,21,36,21,062,27,1*7E
$GQGSV,1,1,00,1*65
$GNZDA,000124.03,15,08,2026,00,00*76
$GNGLL,5128.64694,N,00000.22819,W,000124.03,A,A*66
$GNRMC,000125.00,A,5128.64657,N,00000.23963,W,25.72,267.07,150826,,,A,V*15
$GNVTG,267.07,T,,M,25.72,N,47.64,K,A*24
$GNGGA,000125.00,5128.64657,N,00000.23963,W,1,17,1.4,69.16,M,45.30,M,,*5A
$GNGSA,A,3,03,04,07,08,09,16,26,27,,,,,2.1,1.4,1.8,1*39
$GNGSA,A,3,70,71,73,,,,,,,,,,2.1,1.4,1.8,2*38
$GNGSA,A,3,05,13,,,,,,,,,,,2.1,1.4,1.8,3*3B
$GNGSA,A,3,14,21,22,26,,,,,,,,,2.1,1.4,1.8,4*39
$GNGSA,A,3,,,,,,,,,,,,,2.1,1.4,1.8,5*3A
$GNZDA,000125.00,15,08,2026,00,00*74
$GNGLL,5128.64657,N,00000.23963,W,000125.00,A,A*66
$GNRMC,000126.03,A,5128.64624,N,00000.25098,W,25.53,267.32,150826,,,A,V*1F
$GNVTG,267.32,T,,M,25.53,N,47.28,K,A*29
$GNGGA,000126.03,5128.64624,N,00000.25098,W,1,18,1.2,69.32,M,45.30,M,,*5A
$GNGSA,A,3,03,04,07,08,09,16,26,27,31,,,,1.9,1.2,1.6,1*38
$GNGSA,A,3,70,71,73,,,,,,,,,,1.9,1.2,1.6,2*3B
$GNGSA,A,3,05,13,,,,,,,,,,,1.9,1.2,1.6,3*38
$GNGSA,A,3,14,21,22,26,,,,,,,,,1.9,1.2,1.6,4*3A
$GNGSA,A,3,,,,,,,,,,,,,1.9,1.2,1.6,5*39
$GPGSV,3,1,09,03,18,210,32,04,80,276,50,07,22,284,29,08,17,171,,1*66
$GPGSV,3,2,09,09,45,309,38,16,71,059,47,26,38,052,35,27,36,137,38,1*6B
$GPGSV,3,3,09,31,22,083,30,1*57
$GLGSV,2,1,05,70,43,170,32,71,65,305,49,73,65,290,46,74,22,247,31,1*79
$GLGSV,2,2,05,80,31,118,35,1*49
$GAGSV,1,1,03,05,40,095,39,13,62,201,42,15,28,318,36,7*45
$BDGSV,2,1,06,14,56,274,38,21,59,222,41,22,21,170,27,26,43,262,38,1*7A
$BDGSV,2,2,06,29,14,106,25,36,21,062,30,1*7C
$GQGSV,1,1,00,1*65
$GNZDA,000126.03,15,08,2026,00,00*74
$GNGLL,5128.64624,N,00000.25098,W,000126.03,A,A*69
$GNRMC,000127.03,A,5128.64595,N,00000.26226,W,25.34,267.63,150826,,,A,V*16
$GNVTG,267.63,T,,M,25.34,N,46.93,K,A*2D
$GNGGA,000127.03,5128.64595,N,00000.26226,W,1,16,1.4,69.70,M,45.30,M,,*58
$GNGSA,A,3,03,04,07,08,09,16,26,,,,,,2.1,1.4,1.8,1*3C
$GNGSA,A,3,70,71,73,,,,,,,,,,2.1,1.4,1.8,2*38
$GNGSA,A,3,05,13,,,,,,,,,,,2.1,1.4,1.8,3*3B
$GNGSA,A,3,14,21,22,26,,,,,,,,,2.1,1.4,1.8,4*39
$GNGSA,A,3,,,,,,,,,,,,,2.1,1.4,1.8,5*3A
$GNZDA,000127.03,15,08,2026,00,00*75
$GNGLL,5128.64595,N,00000.26226,W,000127.03,A,A*65
$GNRMC,000128.03,A,5128.64564,N,00000.27344,W,25.15,267.47,150826,,,A,V*16
$GNVTG,267.47,T,,M,25.15,N,46.58,K,A*2F
$GNGGA,000128.03,5128.64564,N,00000.27344,W,1,17,1.4,69.84,M,45.30,M,,*57
$GNGSA,A,3,03,04,07,08,09,16,26,27,,,,,2.1,1.4,1.8,1*39
$GNGSA,A,3,70,71,73,,,,,,,,,,2.1,1.4,1.8,2*38
$GNGSA,A,3,05,13,,,,,,,,,,,2.1,1.4,1.8,3*3B
$GNGSA,A,3,14,21,22,26,,,,,,,,,2.1,1.4,1.8,4*39
$GNGSA,A,3,,,,,,,,,,,,,2.1,1.4,1.8,5*3A
$GPGSV,3,1,09,03,18,210,24,04,80,276,45,07,22,284,29,08,17,171,26,1*61
$GPGSV,3,2,09,09,45,309,42,16,71,059,42,26,38,052,32,27,36,137,31,1*6D
$GPGSV,3,3,09,31,22,083,25,1*53
$GLGSV,2,1,05,70,43,170,33,71,65,305,43,73,65,290,41,74,22,247,27,1*72
$GLGSV,2,2,05,80,31,118,31,1*4D
$GAGSV,1,1,03,05,40,095,38,13,62,201,45,15,28,318,30,7*45
$BDGSV,2,1,06,14,56,274,38,21,59,222,45,22,21,170,31,26,43,262,34,1*75
$BDGSV,2,2,06,29,14,106,,36,21,062,24,1*7E
$GQGSV,1,1,00,1*65
$GNZDA,000128.03,15,08,2026,00,00*7A
$GNGLL,5128.64564,N,00000.27344,W,000128.03,A,A*60
$GNRMC,000129.03,A,5128.64531,N,00000.28455,W,24.97,267.23,150826,,,A,V*16
$GNVTG,267.23,T,,M,24.97,N,46.24,K,A*2D
$GNGGA,000129.03,5128.64531,N,00000.28455,W,1,18,1.3,70.31,M,45.30,M,,*50
$GNGSA,A,3,03,04,07,08,09,16,26,27,31,,,,2.0,1.3,1.7,1*32
$GNGSA,A,3,70,71,73,,,,,,,,,,2.0,1.3,1.7,2*31
$GNGSA,A,3,05,13,,,,,,,,,,,2.0,1.3,1.7,3*32
$GNGSA,A,3,14,21,22,26,,,,,,,,,2.0,1.3,1.7,4*30
$GNGSA,A,3,,,,,,,,,,,,,2.0,1.3,1.7,5*33
$GNZDA,000129.03,15,08,2026,00,00*7B
$GNGLL,5128.64531,N,00000.28455,W,000129.03,A,A*69
$GNRMC,000130.00,A,5128.64502,N,00000.29557,W,24.79,267.57,150826,,,A,V*1C
$GNVTG,267.57,T,,M,24.79,N,45.91,K,A*23
$GNGGA,000130.00,5128.64502,N,00000.29557,W,1,16,1.3,70.47,M,45.30,M,,*56
$GNGSA,A,3,03,04,07,08,09,16,26,,,,,,2.0,1.3,1.7,1*35
$GNGSA,A,3,70,71,73,,,,,,,,,,2.0,1.3,1.7,2*31
$GNGSA,A,3,05,13,,,,,,,,,,,2.0,1.3,1.7,3*32
$GNGSA,A,3,14,21,22,26,,,,,,,,,2.0,1.3,1.7,4*30
$GNGSA,A,3,,,,,,,,,,,,,2.0,1.3,1.7,5*33
$GPGSV,3,1,09,03,18,210,30,04,80,276,50,07,22,284,30,08,17,171,31,1*6E
$GPGSV,3,2,09,09,45,309,39,16,71,059,50,26,38,052,38,27,36,137,33,1*6A
$GPGSV,3,3,09,31,22,083,33,1*54
$GLGSV,2,1,05,70,43,170,33,71,65,305,44,73,65,290,46,74,22,247,27,1*72
$GLGSV,2,2,05,80,31,118,33,1*4F
$GAGSV,1,1,03,05,40,095,35,13,62,201,46,15,28,318,32,7*49
$BDGSV,2,1,06,14,56,274,39,21,59,222,41,22,21,170,27,26,43,262,32,1*71
$BDGSV,2,2,06,29,14,106,,36,21,062,30,1*7B
$GQGSV,1,1,00,1*65
$GNRMC,000130.00,A,5128.64502,N,00000.29557,W,24.79,267.57,150826,,,A,V*7F
$GNZDA,000130.00,15,08,2026,00,00*70
$GNGLL,5128.64502,N,00000.29557,W,000130.00,A,A*60
$GPTXT,01,01,02,ANTENNA OK*36
$GNRMC,000131.03,A,5128.64486,N,00000.30652,W,24.61,268.67,150826,,,A,V*18
$GNVTG,268.67,T,,M,24.61,N,45.58,K,A*23
$GNGGA,000131.03,5128.64486,N,00000.30652,W,1,17,1.4,70.71,M,45.30,M,,*54
$GNGSA,A,3,03,04,07,08,09,16,26,27,,,,,2.1,1.4,1.8,1*39
$GNGSA,A,3,70,71,73,,,,,,,,,,2.1,1.4,1.8,2*38
$GNGSA,A,3,05,13,,,,,,,,,,,2.1,1.4,1.8,3*3B
$GNGSA,A,3,14,21,22,26,,,,,,,,,2.1,1.4,1.8,4*39
$GNGSA,A,3,,,,,,,,,,,,,2.1,1.4,1.8,5*3A
$GNZDA,000131.03,15,08,2026,00,00*72
$GNGLL,5128.64486,N,00000.30652,W,000131.03,A,A*61
$GNRMC,000132.03,A,5128.64481,N,00000.31740,W,24.44,269.58,150826,,,A,V*15
$GNVTG,269.58,T,,M,24.44,N,45.26,K,A*20
$GNGGA,000132.03,5128.64481,N,00000.31740,W,1,18,1.3,70.87,M,45.30,M,,*52
$GNGSA,A,3,03,04,07,08,09,16,26,27,31,,,,2.0,1.3,1.7,1*32
$GNGSA,A,3,70,71,73,,,,,,,,,,2.0,1.3,1.7,2*31
$GNGSA,A,3,05,13,,,,,,,,,,,2.0,1.3,1.7,3*32
$GNGSA,A,3,14,21,22,26,,,,,,,,,2.0,1.3,1.7,4*30
$GNGSA,A,3,,,,,,,,,,,,,2.0,1.3,1.7,5*33
$GPGSV,3,1,09,03,18,210,29,04,80,276,50,07,22,284,24,08,17,171,,1*61
$GPGSV,3,2,09,09,45,309,39,16,71,059,47,26,38,052,37,27,36,137,30,1*60
$GPGSV,3,3,09,31,22,083,29,1*5F
$GLGSV,2,1,05,70,43,170,37,71,65,305,48,73,65,290,41,74,22,247,29,1*73
$GLGSV,2,2,05,80,31,118,32,1*4E
$GAGSV,1,1,03,05,40,095,37,13,62,201,47,15,28,318,35,7*4D
$BDGSV,2,1,06,14,56,274,41,21,59,222,46,22,21,170,32,26,43,262,40,1*78
$BDGSV,2,2,06,29,14,106,30,36,21,062,32,1*7A
$GQGSV,1,1,00,1*65
$GNZDA,000132.03,15,08,2026,00,00*71
$GNGLL,5128.64481,N,00000.31740,W,000132.03,A,A*66
$GNRMC,000133.03,A,5128.64486,N,00000.32821,W,24.27,270.47,150826,,,A,V*1B
$GNVTG,270.47,T,,M,24.27,N,44.94,K,A*2B
$GNGGA,000133.03,5128.64486,N,00000.32821,W,1,16,1.2,71.04,M,45.30,M,,*5A
$GNGSA,A,3,03,04,07,08,09,16,26,,,,,,1.9,1.2,1.6,1*3F
$GNGSA,A,3,70,71,73,,,,,,,,,,1.9,1.2,1.6,2*3B
$GNGSA,A,3,05,13,,,,,,,,,,,1.9,1.2,1.6,3*38
$GNGSA,A,3,14,21,22,26,,,,,,,,,1.9,1.2,1.6,4*3A
$GNGSA,A,3,,,,,,,,,,,,,1.9,1.2,1.6,5*39
$GNZDA,000133.03,15,08,2026,00,00*70
$GNGLL,5128.64486,N,00000.32821,W,000133.03,A,A*6B
$GNRMC,000134.03,A,5128.64501,N,00000.33893,W,24.10,271.28,150826,,,A,V*16
$GNVTG,271.28,T,,M,24.10,N,44.64,K,A*28
$GNGGA,000134.03,5128.64501,N,00000.33893,W,1,17,1.4,71.32,M,45.30,M,,*59
$GNGSA,A,3,03,04,07,08,09,16,26,27,,,,,2.1,1.4,1.8,1*39
$GNGSA,A,3,70,71,73,,,,,,,,,,2.1,1.4,1.8,2*38
$GNGSA,A,3,05,13,,,,,,,,,,,2.1,1.4,1.8,3*3B
$GNGSA,A,3,14,21,22,26,,,,,,,,,2.1,1.4,1.8,4*39
$GNGSA,A,3,,,,,,,,,,,,,2.1,1.4,1.8,5*3A
$GPGSV,3,1,09,03,18,210,,04,80,276,45,07,22,284,24,08,17,171,,1*6E
$GPGSV,3,2,09,09,45,309,37,16,71,059,49,26,38,052,38,27,36,137,32,1*6D
$GPGSV,3,3,09,31,22,083,31,1*56
$GLGSV,2,1,05,70,43,170,39,71,65,305,47,73,65,290,43,74,22,247,33,1*7B
$GLGSV,2,2,05,80,31,118,32,1*4E
$GAGSV,1,1,03,05,40,095,32,13,62,201,43,15,28,318,32,7*4B
$BDGSV,2,1,06,14,56,274,37,21,59,222,46,22,21,170,24,26,43,262,38,1*71
$BDGSV,2,2,06,29,14,106,25,36,21,062,26,1*7B
$GQGSV,1,1,00,1*65
$GNZDA,000134.03,15,08,2026,00,00*77
$GNGLL,5128.64501,N,00000.33893,W,000134.03,A,A*6A
$GNRMC,000135.00,A,5128.64527,N,00000.34958,W,23.94,272.27,150826,,,A,V*16
$GNVTG,272.27,T,,M,23.94,N,44.34,K,A*2A
$GNGGA,000135.00,5128.64527,N,00000.34958,W,1,18,1.3,71.50,M,45.30,M,,*52
$GNGSA,A,3,03,04,07,08,09,16,26,27,31,,,,2.0,1.3,1.7,1*32
$GNGSA,A,3,70,71,73,,,,,,,,,,2.0,1.3,1.7,2*31
$GNGSA,A,3,05,13,,,,,,,,,,,2.0,1.3,1.7,3*32
$GNGSA,A,3,14,21,22,26,,,,,,,,,2.0,1.3,1.7,4*30
$GNGSA,A,3,,,,,,,,,,,,,2.0,1.3,1.7,5*33
$GNZDA,000135.00,15,08,2026,00,00*75
$GNGLL,5128.64527,N,00000.34958,W,000135.00,A,A*6D
$GNRMC,000136.03,A,5128.64560,N,00000.36016,W,23.79,272.80,150826,,,A,V*1A
$GNVTG,272.80,T,,M,23.79,N,44.05,K,A*26
$GNGGA,000136.03,5128.64560,N,00000.36016,W,1,16,1.2,71.93,M,45.30,M,,*50
$GNGSA,A,3,03,04,07,08,09,16,26,,,,,,1.9,1.2,1.6,1*3F
$GNGSA,A,3,70,71,73,,,,,,,,,,1.9,1.2,1.6,2*3B
$GNGSA,A,3,05,13,,,,,,,,,,,1.9,1.2,1.6,3*38
$GNGSA,A,3,14,21,22,26,,,,,,,,,1.9,1.2,1.6,4*3A
$GNGSA,A,3,,,,,,,,,,,,,1.9,1.2,1.6,5*39
$GPGSV,3,1,09,03,18,210,26,04,80,276,50,07,22,284,31,08,17,171,,1*6A
$GPGSV,3,2,09,09,45,309,36,16,71,059,43,26,38,052,35,27,36,137,32,1*6B
$GPGSV,3,3,09,31,22,083,29,1*5F
$GLGSV,2,1,05,70,43,170,32,71,65,305,48,73,65,290,47,74,22,247,24,1*7D
$GLGSV,2,2,05,80,31,118,29,1*44
$GAGSV,1,1,03,05,40,095,34,13,62,201,45,15,28,318,34,7*4D
$BDGSV,2,1,06,14,56,274,37,21,59,222,47,22,21,170,32,26,43,262,41,1*79
$BDGSV,2,2,06,29,14,106,31,36,21,062,30,1*79
$GQGSV,1,1,00,1*65
$GNZDA,000136.03,15,08,2026,00,00*75
$GNGLL,5128.64560,N,00000.36016,W,000136.03,A,A*6F
$GNRMC,000137.03,A,5128.64600,N,00000.37066,W,23.63,273.49,150826,,,A,V*17
$GNVTG,273.49,T,,M,23.63,N,43.77,K,A*2B
$GNGGA,000137.03,5128.64600,N,00000.37066,W,1,17,1.2,72.14,M,45.30,M,,*5F
$GNGSA,A,3,03,04,07,08,09,16,26,27,,,,,1.9,1.2,1.6,1*3A
$GNGSA,A,3,70,71,73,,,,,,,,,,1.9,1.2,1.6,2*3B
$GNGSA,A,3,05,13,,,,,,,,,,,1.9,1.2,1.6,3*38
$GNGSA,A,3,14,21,22,26,,,,,,,,,1.9,1.2,1.6,4*3A
$GNGSA,A,3,,,,,,,,,,,,,1.9,1.2,1.6,5*39
$GNZDA,000137.03,15,08,2026,00,00*74
$GNGLL,5128.64600,N,00000.37066,W,000137.03,A,A*6D
$GNRMC,000138.03,A,5128.64648,N,00000.38109,W,23.49,274.27,150826,,,A,V*14
$GNVTG,274.27,T,,M,23.49,N,43.50,K,A*29
$GNGGA,000138.03,5128.64648,N,00000.38109,W,1,18,1.4,72.27,M,45.30,M,,*52
$GNGSA,A,3,03,04,07,08,09,16,26,27,31,,,,2.1,1.4,1.8,1*3B
$GNGSA,A,3,70,71,73,,,,,,,,,,2.1,1.4,1.8,2*38
$GNGSA,A,3,05,13,,,,,,,,,,,2.1,1.4,1.8,3*3B
$GNGSA,A,3,14,21,22,26,,,,,,,,,2.1,1.4,1.8,4*39
$GNGSA,A,3,,,,,,,,,,,,,2.1,1.4,1.8,5*3A
$GPGSV,3,1,09,03,18,210,,04,80,276,50,07,22,284,31,08,17,171,29,1*65
$GPGSV,3,2,09,09,45,309,32,16,71,059,50,26,38,052,37,27,36,137,38,1*65
$GPGSV,3,3,09,31,22,083,33,1*54
$GLGSV,2,1,05,70,43,170,34,71,65,305,44,73,65,290,45,74,22,247,34,1*74
$GLGSV,2,2,05,80,31,118,29,1*44
$GAGSV,1,1,03,05,40,095,37,13,62,201,45,15,28,318,35,7*4F
$BDGSV,2,1,06,14,56,274,42,21,59,222,43,22,21,170,33,26,43,262,33,1*7B
$BDGSV,2,2,06,29,14,106,,36,21,062,32,1*79
$GQGSV,1,1,00,1*65
$GNZDA,000138.03,15,08,2026,00,00*7B
$GNGLL,5128.64648,N,00000.38109,W,000138.03,A,A*69
$GNRMC,000139.03,A,5128.64708,N,00000.39144,W,23.35,275.31,150826,,,A,V*15
$GNVTG,275.31,T,,M,23.35,N,43.24,K,A*27
$GNGGA,000139.03,5128.64708,N,00000.39144,W,1,16,1.3,72.63,M,45.30,M,,*57
$GNGSA,A,3,03,04,07,08,09,16,26,,,,,,2.0,1.3,1.7,1*35
$GNGSA,A,3,70,71,73,,,,,,,,,,2.0,1.3,1.7,2*31
$GNGSA,A,3,05,13,,,,,,,,,,,2.0,1.3,1.7,3*32
$GNGSA,A,3,14,21,22,26,,,,,,,,,2.0,1.3,1.7,4*30
$GNGSA,A,3,,,,,,,,,,,,,2.0,1.3,1.7,5*33
$GNZDA,000139.03,15,08,2026,00,00*7A
$GNGLL,5128.64708,N,00000.39144,W,000139.03,A,A*65
$GNRMC,000140.00,A,5128.64776,N,00000.40172,W,23.22,276.07,150826,,,A,V*1A
$GNVTG,276.07,T,,M,23.22,N,43.00,K,A*21
$GNGGA,000140.00,5128.64776,N,00000.40172,W,1,17,1.2,72.79,M,45.30,M,,*53
$GNGSA,A,3,03,04,07,08,09,16,26,27,,,,,1.9,1.2,1.6,1*3A
$GNGSA,A,3,70,71,73,,,,,,,,,,1.9,1.2,1.6,2*3B
$GNGSA,A,3,05,13,,,,,,,,,,,1.9,1.2,1.6,3*38
$GNGSA,A,3,14,21,22,26,,,,,,,,,1.9,1.2,1.6,4*3A
$GNGSA,A,3,,,,,,,,,,,,,1.9,1.2,1.6,5*39
$GPGSV,3,1,09,03,18,210,,04,80,276,50,07,22,284,27,08,17,171,29,1*62
$GPGSV,3,2,09,09,45,309,38,16,71,059,47,26,38,052,34,27,36,137,32,1*60
$GPGSV,3,3,09,31,22,083,34,1*53
$GLGSV,2,1,05,70,43,170,39,71,65,305,43,73,65,290,43,74,22,247,28,1*75
$GLGSV,2,2,05,80,31,118,33,1*4F
$GAGSV,1,1,03,05,40,095,38,13,62,201,40,15,28,318,29,7*48
$BDGSV,2,1,06,14,56,274,36,21,59,222,43,22,21,170,32,26,43,262,33,1*79
$BDGSV,2,2,06,29,14,106,,36,21,062,33,1*78
$GQGSV,1,1,00,1*65
$GNZDA,000140.00,15,08,2026,00,00*77
$GNGLL,5128.64776,N,00000.40172,W,000140.00,A,A*6A
$GNRMC,000141.03,A,5128.64853,N,00000.41192,W,23.09,276.93,150826,,,A,V*1B
$GNVTG,276.93,T,,M,23.09,N,42.76,K,A*25
$GNGGA,000141.03,5128.64853,N,00000.41192,W,1,18,1.2,72.84,M,45.30,M,,*5B
$GNGSA,A,3,03,04,07,08,09,16,26,27,31,,,,1.9,1.2,1.6,1*38
$GNGSA,A,3,70,71,73,,,,,,,,,,1.9,1.2,1.6,2*3B
$GNGSA,A,3,05,13,,,,,,,,,,,1.9,1.2,1.6,3*38
$GNGSA,A,3,14,21,22,26,,,,,,,,,1.9,1.2,1.6,4*3A
$GNGSA,A,3,,,,,,,,,,,,,1.9,1.2,1.6,5*39
$GNZDA,000141.03,15,08,2026,00,00*75
$GNGLL,5128.64853,N,00000.41192,W,000141.03,A,A*6F
$GNRMC,000142.03,A,5128.64941,N,00000.42205,W,22.97,277.90,150826,,,A,V*10
$GNVTG,277.90,T,,M,22.97,N,42.53,K,A*26
$GNGGA,000142.03,5128.64941,N,00000.42205,W,1,16,1.3,72.99,M,45.30,M,,*57
$GNGSA,A,3,03,04,07,08,09,16,26,,,,,,2.0,1.3,1.7,1*35
$GNGSA,A,3,70,71,73,,,,,,,,,,2.0,1.3,1.7,2*31
$GNGSA,A,3,05,13,,,,,,,,,,,2.0,1.3,1.7,3*32
$GNGSA,A,3,14,21,22,26,,,,,,,,,2.0,1.3,1.7,4*30
$GNGSA,A,3,,,,,,,,,,,,,2.0,1.3,1.7,5*33
$GPGSV,3,1,09,03,18,210,,04,80,276,50,07,22,284,28,08,17,171,24,1*60
$GPGSV,3,2,09,09,45,309,40,16,71,059,45,26,38,052,30,27,36,137,31,1*6A
$GPGSV,3,3,09,31,22,083,27,1*51
$GLGSV,2,1,05,70,43,170,36,71,65,305,49,73,65,290,41,74,22,247,25,1*7F
$GLGSV,2,2,05,80,31,118,35,1*49
$GAGSV,1,1,03,05,40,095,32,13,62,201,44,15,28,318,33,7*4D
$BDGSV,2,1,06,14,56,274,39,21,59,222,42,22,21,170,32,26,43,262,38,1*7C
$BDGSV,2,2,06,29,14,106,,36,21,062,29,1*73
$GQGSV,1,1,00,1*65
$GNZDA,000142.03,15,08,2026,00,00*76
$GNGLL,5128.64941,N,00000.42205,W,000142.03,A,A*60
$GNRMC,000143.03,A,5128.65038,N,00000.43210,W,22.85,278.81,150826,,,A,V*1E
$GNVTG,278.81,T,,M,22.85,N,42.32,K,A*2D
$GNGGA,000143.03,5128.65038,N,00000.43210,W,1,17,1.3,73.35,M,45.30,M,,*53
$GNGSA,A,3,03,04,07,08,09,16,26,27,,,,,2.0,1.3,1.7,1*30
$GNGSA,A,3,70,71,73,,,,,,,,,,2.0,1.3,1.7,2*31
$GNGSA,A,3,05,13,,,,,,,,,,,2.0,1.3,1.7,3*32
$GNGSA,A,3,14,21,22,26,,,,,,,,,2.0,1.3,1.7,4*30
$GNGSA,A,3,,,,,,,,,,,,,2.0,1.3,1.7,5*33
$GNZDA,000143.03,15,08,2026,00,00*77
$GNGLL,5128.65038,N,00000.43210,W,000143.03,A,A*62
$GNRMC,000144.03,A,5128.65144,N,00000.44208,W,22.74,279.67,150826,,,A,V*1A
$GNVTG,279.67,T,,M,22.74,N,42.12,K,A*28
$GNGGA,000144.03,5128.65144,N,00000.44208,W,1,18,1.3,73.58,M,45.30,M,,*54
$GNGSA,A,3,03,04,07,08,09,16,26,27,31,,,,2.0,1.3,1.7,1*32
$GNGSA,A,3,70,71,73,,,,,,,,,,2.0,1.3,1.7,2*31
$GNGSA,A,3,05,13,,,,,,,,,,,2.0,1.3,1.7,3*32
$GNGSA,A,3,14,21,22,26,,,,,,,,,2.0,1.3,1.7,4*30
$GNGSA,A,3,,,,,,,,,,,,,2.0,1.3,1.7,5*33
$GPGSV,3,1,09,03,18,210,26,04,80,276,46,07,22,284,32,08,17,171,31,1*6C
$GPGSV,3,2,09,09,45,309,36,16,71,059,43,26,38,052,33,27,36,137,30,1*6F
$GPGSV,3,3,09,31,22,083,32,1*55
$GLGSV,2,1,05,70,43,170,35,71,65,305,45,73,65,290,48,74,22,247,34,1*79
$GLGSV,2,2,05,80,31,118,36,1*4A
$GAGSV,1,1,03,05,40,095,38,13,62,201,42,15,28,318,27,7*44
$BDGSV,2,1,06,14,56,274,37,21,59,222,39,22,21,170,25,26,43,262,39,1*79
$BDGSV,2,2,06,29,14,106,,36,21,062,26,1*7C
$GQGSV,1,1,00,1*65
$GNZDA,000144.03,15,08,2026,00,00*70
$GNGLL,5128.65144,N,00000.44208,W,000144.03,A,A*61
$GNRMC,000145.00,A,5128.65257,N,00000.45200,W,22.64,280.33,150826,,,A,V*16
$GNVTG,280.33,T,,M,22.64,N,41.93,K,A*24
$GNGGA,000145.00,5128.65257,N,00000.45200,W,1,16,1.2,73.79,M,45.30,M,,*52
$GNGSA,A,3,03,04,07,08,09,16,26,,,,,,1.9,1.2,1.6,1*3F
$GNGSA,A,3,70,71,73,,,,,,,,,,1.9,1.2,1.6,2*3B
$GNGSA,A,3,05,13,,,,,,,,,,,1.9,1.2,1.6,3*38
$GNGSA,A,3,14,21,22,26,,,,,,,,,1.9,1.2,1.6,4*3A
$GNGSA,A,3,,,,,,,,,,,,,1.9,1.2,1.6,5*39
$GNZDA,000145.00,15,08,2026,00,00*72
$GNGLL,5128.65257,N,00000.45200,W,000145.00,A,A*6B
$GNRMC,000146.03,A,5128.65378,N,00000.46185,W,22.55,281.19,150826,,,A,V*1C
$GNVTG,281.19,T,,M,22.55,N,41.76,K,A*24
$GNGGA,000146.03,5128.65378,N,00000.46185,W,1,17,1.3,74.09,M,45.30,M,,*53
$GNGSA,A,3,03,04,07,08,09,16,26,27,,,,,2.0,1.3,1.7,1*30
$GNGSA,A,3,70,71,73,,,,,,,,,,2.0,1.3,1.7,2*31
$GNGSA,A,3,05,13,,,,,,,,,,,2.0,1.3,1.7,3*32
$GNGSA,A,3,14,21,22,26,,,,,,,,,2.0,1.3,1.7,4*30
$GNGSA,A,3,,,,,,,,,,,,,2.0,1.3,1.7,5*33
$GPGSV,3,1,09,03,18,210,,04,80,276,50,07,22,284,26,08,17,171,,1*68
$GPGSV,3,2,09,09,45,309,34,16,71,059,43,26,38,052,32,27,36,137,31,1*6D
$GPGSV,3,3,09,31,22,083,29,1*5F
$GLGSV,2,1,05,70,43,170,40,71,65,305,47,73,65,290,42,74,22,247,28,1*7E
$GLGSV,2,2,05,80,31,118,29,1*44
$GAGSV,1,1,03,05,40,095,39,13,62,201,46,15,28,318,27,7*41
$BDGSV,2,1,06,14,56,274,40,21,59,222,47,22,21,170,30,26,43,262,34,1*79
$BDGSV,2,2,06,29,14,106,,36,21,062,29,1*73
$GQGSV,1,1,00,1*65
$GNZDA,000146.03,15,08,2026,00,00*72
$GNGLL,5128.65378,N,00000.46185,W,000146.03,A,A*6A
$GNRMC,000147.03,A,5128.65505,N,00000.47164,W,22.46,281.78,150826,,,A,V*1A
$GNVTG,281.78,T,,M,22.46,N,41.60,K,A*26
$GNGGA,000147.03,5128.65505,N,00000.47164,W,1,18,1.3,74.14,M,45.30,M,,*53
$GNGSA,A,3,03,04,07,08,09,16,26,27,31,,,,2.0,1.3,1.7,1*32
$GNGSA,A,3,70,71,73,,,,,,,,,,2.0,1.3,1.7,2*31
$GNGSA,A,3,05,13,,,,,,,,,,,2.0,1.3,1.7,3*32
$GNGSA,A,3,14,21,22,26,,,,,,,,,2.0,1.3,1.7,4*30
$GNGSA,A,3,,,,,,,,,,,,,2.0,1.3,1.7,5*33
$GNZDA,000147.03,15,08,2026,00,00*73
$GNGLL,5128.65505,N,00000.47164,W,000147.03,A,A*69
$GNRMC,000148.03,A,5128.65640,N,00000.48136,W,22.38,282.56,150826,,,A,V*19
$GNVTG,282.56,T,,M,22.38,N,41.45,K,A*27
$GNGGA,000148.03,5128.65640,N,00000.48136,W,1,16,1.2,74.30,M,45.30,M,,*5F
$GNGSA,A,3,03,04,07,08,09,16,26,,,,,,1.9,1.2,1.6,1*3F
$GNGSA,A,3,70,71,73,,,,,,,,,,1.9,1.2,1.6,2*3B
$GNGSA,A,3,05,13,,,,,,,,,,,1.9,1.2,1.6,3*38
$GNGSA,A,3,14,21,22,26,,,,,,,,,1.9,1.2,1.6,4*3A
$GNGSA,A,3,,,,,,,,,,,,,1.9,1.2,1.6,5*39
$GPGSV,3,1,09,03,18,210,,04,80,276,50,07,22,284,31,08,17,171,,1*6E
$GPGSV,3,2,09,09,45,309,33,16,71,059,50,26,38,052,38,27,36,137,30,1*63
$GPGSV,3,3,09,31,22,083,28,1*5E
$GLGSV,2,1,05,70,43,170,36,71,65,305,42,73,65,290,42,74,22,247,30,1*73
$GLGSV,2,2,05,80,31,118,35,1*49
$GAGSV,1,1,03,05,40,095,39,13,62,201,42,15,28,318,34,7*47
$BDGSV,2,1,06,14,56,274,38,21,59,222,43,22,21,170,30,26,43,262,39,1*7F
$BDGSV,2,2,06,29,14,106,26,36,21,062,32,1*7D
$GQGSV,1,1,00,1*65
$GNZDA,000148.03,15,08,2026,00,00*7C
$GNGLL,5128.65640,N,00000.48136,W,000148.03,A,A*6C
$GNRMC,000149.03,A,5128.65781,N,00000.49103,W,22.31,283.18,150826,,,A,V*11
$GNVTG,283.18,T,,M,22.31,N,41.31,K,A*26
$GNGGA,000149.03,5128.65781,N,00000.49103,W,1,17,1.3,74.39,M,45.30,M,,*5C
$GNGSA,A,3,03,04,07,08,09,16,26,27,,,,,2.0,1.3,1.7,1*30
$GNGSA,A,3,70,71,73,,,,,,,,,,2.0,1.3,1.7,2*31
$GNGSA,A,3,05,13,,,,,,,,,,,2.0,1.3,1.7,3*32
$GNGSA,A,3,14,21,22,26,,,,,,,,,2.0,1.3,1.7,4*30
$GNGSA,A,3,,,,,,,,,,,,,2.0,1.3,1.7,5*33
$GNZDA,000149.03,15,08,2026,00,00*7D
$GNGLL,5128.65781,N,00000.49103,W,000149.03,A,A*66
$GNRMC,000150.00,A,5128.65931,N,00000.50064,W,22.24,284.07,150826,,,A,V*1A
$GNVTG,284.07,T,,M,22.24,N,41.19,K,A*21
$GNGGA,000150.00,5128.65931,N,00000.50064,W,1,18,1.3,74.48,M,45.30,M,,*53
$GNGSA,A,3,03,04,07,08,09,16,26,27,31,,,,2.0,1.3,1.7,1*32
$GNGSA,A,3,70,71,73,,,,,,,,,,2.0,1.3,1.7,2*31
$GNGSA,A,3,05,13,,,,,,,,,,,2.0,1.3,1.7,3*32
$GNGSA,A,3,14,21,22,26,,,,,,,,,2.0,1.3,1.7,4*30
$GNGSA,A,3,,,,,,,,,,,,,2.0,1.3,1.7,5*33
$GPGSV,3,1,09,03,18,210,,04,80,276,49,07,22,284,32,08,17,171,,1*65
$GPGSV,3,2,09,09,45,309,34,16,71,059,42,26,38,052,36,27,36,137,38,1*61
$GPGSV,3,3,09,31,22,083,31,1*56
$GLGSV,2,1,05,70,43,170,40,71,65,305,46,73,65,290,47,74,22,247,30,1*73
$GLGSV,2,2,05,80,31,118,29,1*44
$GAGSV,1,1,03,05,40,095,34,13,62,201,45,15,28,318,31,7*48
$BDGSV,2,1,06,14,56,274,37,21,59,222,46,22,21,170,27,26,43,262,38,1*72
$BDGSV,2,2,06,29,14,106,,36,21,062,28,1*72
$GQGSV,1,1,00,1*65
$GNZDA,000150.00,15,08,2026,00,00*76
$GNGLL,5128.65931,N,00000.50064,W,000150.00,A,A*60
$GNRMC,000151.03,A,5128.66088,N,00000.51019,W,22.18,284.78,150826,,,A,V*1C
$GNVTG,284.78,T,,M,22.18,N,41.09,K,A*27
$GNGGA,000151.03,5128.66088,N,00000.51019,W,1,16,1.1,74.57,M,45.30,M,,*50
$GNGSA,A,3,03,04,07,08,09,16,26,,,,,,1.8,1.1,1.5,1*3E
$GNGSA,A,3,70,71,73,,,,,,,,,,1.8,1.1,1.5,2*3A
$GNGSA,A,3,05,13,,,,,,,,,,,1.8,1.1,1.5,3*39
$GNGSA,A,3,14,21,22,26,,,,,,,,,1.8,1.1,1.5,4*3B
$GNGSA,A,3,,,,,,,,,,,,,1.8,1.1,1.5,5*38
$GNZDA,000151.03,15,08,2026,00,00*74
$GNGLL,5128.66088,N,00000.51019,W,000151.03,A,A*61
$GNRMC,000152.03,A,5128.66253,N,00000.51968,W,22.13,285.59,150826,,,A,V*1D
$GNVTG,285.59,T,,M,22.13,N,40.99,K,A*26
$GNGGA,000152.03,5128.66253,N,00000.51968,W,1,17,1.2,74.72,M,45.30,M,,*5D
$GNGSA,A,3,03,04,07,08,09,16,26,27,,,,,1.9,1.2,1.6,1*3A
$GNGSA,A,3,70,71,73,,,,,,,,,,1.9,1.2,1.6,2*3B
$GNGSA,A,3,05,13,,,,,,,,,,,1.9,1.2,1.6,3*38
$GNGSA,A,3,14,21,22,26,,,,,,,,,1.9,1.2,1.6,4*3A
$GNGSA,A,3,,,,,,,,,,,,,1.9,1.2,1.6,5*39
$GPGSV,3,1,09,03,18,210,,04,80,276,50,07,22,284,31,08,17,171,28,1*64
$GPGSV,3,2,09,09,45,309,42,16,71,059,49,26,38,052,39,27,36,137,30,1*6C
$GPGSV,3,3,09,31,22,083,25,1*53
$GLGSV,2,1,05,70,43,170,35,71,65,305,41,73,65,290,44,74,22,247,27,1*73
$GLGSV,2,2,05,80,31,118,29,1*44
$GAGSV,1,1,03,05,40,095,36,13,62,201,45,15,28,318,34,7*4F
$BDGSV,2,1,06,14,56,274,43,21,59,222,42,22,21,170,26,26,43,262,40,1*7B
$BDGSV,2,2,06,29,14,106,27,36,21,062,31,1*7F
$GQGSV,1,1,00,1*65
$GNZDA,000152.03,15,08,2026,00,00*77
$GNGLL,5128.66253,N,00000.51968,W,000152.03,A,A*69
$GNRMC,000153.03,A,5128.66428,N,00000.52910,W,22.09,286.61,150826,,,A,V*19
$GNVTG,286.61,T,,M,22.09,N,40.91,K,A*2D
$GNGGA,000153.03,5128.66428,N,00000.52910,W,1,18,1.2,74.74,M,45.30,M,,*53
$GNGSA,A,3,03,04,07,08,09,16,26,27,31,,,,1.9,1.2,1.6,1*38
$GNGSA,A,3,70,71,73,,,,,,,,,,1.9,1.2,1.6,2*3B
$GNGSA,A,3,05,13,,,,,,,,,,,1.9,1.2,1.6,3*38
$GNGSA,A,3,14,21,22,26,,,,,,,,,1.9,1.2,1.6,4*3A
$GNGSA,A,3,,,,,,,,,,,,,1.9,1.2,1.6,5*39
$GNZDA,000153.03,15,08,2026,00,00*76
$GNGLL,5128.66428,N,00000.52910,W,000153.03,A,A*6E
$GNRMC,000154.03,A,5128.66612,N,00000.53847,W,22.06,287.51,150826,,,A,V*1A
$GNVTG,287.51,T,,M,22.06,N,40.85,K,A*25
$GNGGA,000154.03,5128.66612,N,00000.53847,W,1,16,1.2,74.67,M,45.30,M,,*51
$GNGSA,A,3,03,04,07,08,09,16,26,,,,,,1.9,1.2,1.6,1*3F
$GNGSA,A,3,70,71,73,,,,,,,,,,1.9,1.2,1.6,2*3B
$GNGSA,A,3,05,13,,,,,,,,,,,1.9,1.2,1.6,3*38
$GNGSA,A,3,14,21,22,26,,,,,,,,,1.9,1.2,1.6,4*3A
$GNGSA,A,3,,,,,,,,,,,,,1.9,1.2,1.6,5*39
$GPGSV,3,1,09,03,18,210,25,04,80,276,50,07,22,284,29,08,17,171,,1*60
$GPGSV,3,2,09,09,45,309,34,16,71,059,44,26,38,052,37,27,36,137,30,1*6E
$GPGSV,3,3,09,31,22,083,34,1*53
$GLGSV,2,1,05,70,43,170,32,71,65,305,43,73,65,290,45,74,22,247,32,1*73
$GLGSV,2,2,05,80,31,118,33,1*4F
$GAGSV,1,1,03,05,40,095,32,13,62,201,43,15,28,318,27,7*4F
$BDGSV,2,1,06,14,56,274,38,21,59,222,43,22,21,170,33,26,43,262,39,1*7C
$BDGSV,2,2,06,29,14,106,23,36,21,062,33,1*79
$GQGSV,1,1,00,1*65
$GNZDA,000154.03,15,08,2026,00,00*71
$GNGLL,5128.66612,N,00000.53847,W,000154.03,A,A*60
$GNRMC,000155.00,A,5128.66803,N,00000.54778,W,22.03,288.28,150826,,,A,V*16
$GNVTG,288.28,T,,M,22.03,N,40.80,K,A*24
$GNGGA,000155.00,5128.66803,N,00000.54778,W,1,17,1.3,74.91,M,45.30,M,,*50
$GNGSA,A,3,03,04,07,08,09,16,26,27,,,,,2.0,1.3,1.7,1*30
$GNGSA,A,3,70,71,73,,,,,,,,,,2.0,1.3,1.7,2*31
$GNGSA,A,3,05,13,,,,,,,,,,,2.0,1.3,1.7,3*32
$GNGSA,A,3,14,21,22,26,,,,,,,,,2.0,1.3,1.7,4*30
$GNGSA,A,3,,,,,,,,,,,,,2.0,1.3,1.7,5*33
$GNZDA,000155.00,15,08,2026,00,00*73
$GNGLL,5128.66803,N,00000.54778,W,000155.00,A,A*68
$GNRMC,000156.03,A,5128.67004,N,00000.55704,W,22.01,289.22,150826,,,A,V*1B
$GNVTG,289.22,T,,M,22.01,N,40.77,K,A*25
$GNGGA,000156.03,5128.67004,N,00000.55704,W,1,18,1.2,74.87,M,45.30,M,,*5D
$GNGSA,A,3,03,04,07,08,09,16,26,27,31,,,,1.9,1.2,1.6,1*38
$GNGSA,A,3,70,71,73,,,,,,,,,,1.9,1.2,1.6,2*3B
$GNGSA,A,3,05,13,,,,,,,,,,,1.9,1.2,1.6,3*38
$GNGSA,A,3,14,21,22,26,,,,,,,,,1.9,1.2,1.6,4*3A
$GNGSA,A,3,,,,,,,,,,,,,1.9,1.2,1.6,5*39
$GPGSV,3,1,09,03,18,210,,04,80,276,45,07,22,284,25,08,17,171,,1*6F
$GPGSV,3,2,09,09,45,309,40,16,71,059,44,26,38,052,39,27,36,137,36,1*65
$GPGSV,3,3,09,31,22,083,30,1*57
$GLGSV,2,1,05,70,43,170,32,71,65,305,42,73,65,290,43,74,22,247,33,1*75
$GLGSV,2,2,05,80,31,118,33,1*4F
$GAGSV,1,1,03,05,40,095,34,13,62,201,39,15,28,318,35,7*47
$BDGSV,2,1,06,14,56,274,40,21,59,222,44,22,21,170,32,26,43,262,39,1*75
$BDGSV,2,2,06,29,14,106,24,36,21,062,31,1*7C
$GQGSV,1,1,00,1*65
$GNZDA,000156.03,15,08,2026,00,00*73
$GNGLL,5128.67004,N,00000.55704,W,000156.03,A,A*6C
$GNRMC,000157.03,A,5128.67211,N,00000.56626,W,22.00,289.75,150826,,,A,V*1D
$GNVTG,289.75,T,,M,22.00,N,40.75,K,A*24
$GNGGA,000157.03,5128.67211,N,00000.56626,W,1,16,1.1,74.86,M,45.30,M,,*54
$GNGSA,A,3,03,04,07,08,09,16,26,,,,,,1.8,1.1,1.5,1*3E
$GNGSA,A,3,70,71,73,,,,,,,,,,1.8,1.1,1.5,2*3A
$GNGSA,A,3,05,13,,,,,,,,,,,1.8,1.1,1.5,3*39
$GNGSA,A,3,14,21,22,26,,,,,,,,,1.8,1.1,1.5,4*3B
$GNGSA,A,3,,,,,,,,,,,,,1.8,1.1,1.5,5*38
$GNZDA,000157.03,15,08,2026,00,00*72
$GNGLL,5128.67211,N,00000.56626,W,000157.03,A,A*69
$GNRMC,000158.03,A,5128.67427,N,00000.57541,W,22.00,290.80,150826,,,A,V*10
$GNVTG,290.80,T,,M,22.00,N,40.74,K,A*27
$GNGGA,000158.03,5128.67427,N,00000.57541,W,1,17,1.3,74.77,M,45.30,M,,*56
$GNGSA,A,3,03,04,07,08,09,16,26,27,,,,,2.0,1.3,1.7,1*30
$GNGSA,A,3,70,71,73,,,,,,,,,,2.0,1.3,1.7,2*31
$GNGSA,A,3,05,13,,,,,,,,,,,2.0,1.3,1.7,3*32
$GNGSA,A,3,14,21,22,26,,,,,,,,,2.0,1.3,1.7,4*30
$GNGSA,A,3,,,,,,,,,,,,,2.0,1.3,1.7,5*33
$GPGSV,3,1,09,03,18,210,30,04,80,276,50,07,22,284,31,08,17,171,31,1*6F
$GPGSV,3,2,09,09,45,309,41,16,71,059,50,26,38,052,32,27,36,137,32,1*6E
$GPGSV,3,3,09,31,22,083,30,1*57
$GLGSV,2,1,05,70,43,170,33,71,65,305,46,73,65,290,41,74,22,247,26,1*76
$GLGSV,2,2,05,80,31,118,34,1*48
$GAGSV,1,1,03,05,40,095,34,13,62,201,43,15,28,318,34,7*4B
$BDGSV,2,1,06,14,56,274,46,21,59,222,42,22,21,170,27,26,43,262,41,1*7E
$BDGSV,2,2,06,29,14,106,,36,21,062,33,1*78
$GQGSV,1,1,00,1*65
$GNZDA,000158.03,15,08,2026,00,00*7D
$GNGLL,5128.67427,N,00000.57541,W,000158.03,A,A*66
$GNRMC,000159.03,A,5128.67651,N,00000.58453,W,22.01,291.48,150826,,,A,V*1B
$GNVTG,291.48,T,,M,22.01,N,40.75,K,A*22
$GNGGA,000159.03,5128.67651,N,00000.58453,W,1,18,1.2,74.71,M,45.30,M,,*51
$GNGSA,A,3,03,04,07,08,09,16,26,27,31,,,,1.9,1.2,1.6,1*38
$GNGSA,A,3,70,71,73,,,,,,,,,,1.9,1.2,1.6,2*3B
$GNGSA,A,3,05,13,,,,,,,,,,,1.9,1.2,1.6,3*38
$GNGSA,A,3,14,21,22,26,,,,,,,,,1.9,1.2,1.6,4*3A
$GNGSA,A,3,,,,,,,,,,,,,1.9,1.2,1.6,5*39
$GNZDA,000159.03,15,08,2026,00,00*7C
$GNGLL,5128.67651,N,00000.58453,W,000159.03,A,A*69
$GNRMC,000200.00,A,5128.67883,N,00000.59359,W,22.02,292.36,150826,,,A,V*13
$GNVTG,292.36,T,,M,22.02,N,40.78,K,A*26
$GNGGA,000200.00,5128.67883,N,00000.59359,W,1,16,1.2,74.62,M,45.30,M,,*5C
$GNGSA,A,3,03,04,07,08,09,16,26,,,,,,1.9,1.2,1.6,1*3F
$GNGSA,A,3,70,71,73,,,,,,,,,,1.9,1.2,1.6,2*3B
$GNGSA,A,3,05,13,,,,,,,,,,,1.9,1.2,1.6,3*38
$GNGSA,A,3,14,21,22,26,,,,,,,,,1.9,1.2,1.6,4*3A
$GNGSA,A,3,,,,,,,,,,,,,1.9,1.2,1.6,5*39
$GPGSV,3,1,09,03,18,210,,04,80,276,50,07,22,284,25,08,17,171,,1*6B
$GPGSV,3,2,09,09,45,309,39,16,71,059,42,26,38,052,39,27,36,137,29,1*63
$GPGSV,3,3,09,31,22,083,26,1*50
$GLGSV,2,1,05,70,43,170,32,71,65,305,40,73,65,290,42,74,22,247,27,1*73
$GLGSV,2,2,05,80,31,118,29,1*44
$GAGSV,1,1,03,05,40,095,36,13,62,201,45,15,28,318,33,7*48
$BDGSV,2,1,06,14,56,274,43,21,59,222,39,22,21,170,26,26,43,262,37,1*77
$BDGSV,2,2,06,29,14,106,31,36,21,062,31,1*78
$GQGSV,1,1,00,1*65
$GNZDA,000200.00,15,08,2026,00,00*70
$GNGLL,5128.67883,N,00000.59359,W,000200.00,A,A*68
$GPTXT,01,01,02,ANTENNA OK*36
$GNRMC,000201.03,A,5128.68121,N,00000.60263,W,22.04,292.98,150826,,,A,V*1F
$GNVTG,292.98,T,,M,22.04,N,40.82,K,A*21
$GNGGA,000201.03,5128.68121,N,00000.60263,W,1,17,1.2,74.64,M,45.30,M,,*55
$GNGSA,A,3,03,04,07,08,09,16,26,27,,,,,1.9,1.2,1.6,1*3A
$GNGSA,A,3,70,71,73,,,,,,,,,,1.9,1.2,1.6,2*3B
$GNGSA,A,3,05,13,,,,,,,,,,,1.9,1.2,1.6,3*38
$GNGSA,A,3,14,21,22,26,,,,,,,,,1.9,1.2,1.6,4*3A
$GNGSA,A,3,,,,,,,,,,,,,1.9,1.2,1.6,5*39
$GNZDA,000201.03,15,08,2026,00,00*72
$GNGLL,5128.68121,N,00000.60263,W,000201.03,A,A*66
$GNRMC,000202.03,A,5128.68367,N,00000.61163,W,22.07,293.68,150826,,,A,V*13
$GNVTG,293.68,T,,M,22.07,N,40.87,K,A*29
$GNGGA,000202.03,5128.68367,N,00000.61163,W,1,18,1.1,74.68,M,45.30,M,,*54
$GNGSA,A,3,03,04,07,08,09,16,26,27,31,,,,1.8,1.1,1.5,1*39
$GNGSA,A,3,70,71,73,,,,,,,,,,1.8,1.1,1.5,2*3A
$GNGSA,A,3,05,13,,,,,,,,,,,1.8,1.1,1.5,3*39
$GNGSA,A,3,14,21,22,26,,,,,,,,,1.8,1.1,1.5,4*3B
$GNGSA,A,3,,,,,,,,,,,,,1.8,1.1,1.5,5*38
$GPGSV,3,1,09,03,18,210,26,04,80,276,47,07,22,284,30,08,17,171,24,1*6B
$GPGSV,3,2,09,09,45,309,37,16,71,059,50,26,38,052,31,27,36,137,30,1*6E
$GPGSV,3,3,09,31,22,083,34,1*53
$GLGSV,2,1,05,70,43,170,34,71,65,305,48,73,65,290,40,74,22,247,33,1*7A
$GLGSV,2,2,05,80,31,118,34,1*48
$GAGSV,1,1,03,05,40,095,40,13,62,201,47,15,28,318,27,7*4E
$BDGSV,2,1,06,14,56,274,46,21,59,222,43,22,21,170,31,26,43,262,32,1*7C
$BDGSV,2,2,06,29,14,106,25,36,21,062,31,1*7D
$GQGSV,1,1,00,1*65
$GNZDA,000202.03,15,08,2026,00,00*71
$GNGLL,5128.68367,N,00000.61163,W,000202.03,A,A*67
$GNRMC,000203.03,A,5128.68624,N,00000.62056,W,22.11,294.76,150826,,,A,V*1B
$GNVTG,294.76,T,,M,22.11,N,40.94,K,A*24
$GNGGA,000203.03,5128.68624,N,00000.62056,W,1,16,1.1,74.78,M,45.30,M,,*5C
$GNGSA,A,3,03,04,07,08,09,16,26,,,,,,1.8,1.1,1.5,1*3E
$GNGSA,A,3,70,71,73,,,,,,,,,,1.8,1.1,1.5,2*3A
$GNGSA,A,3,05,13,,,,,,,,,,,1.8,1.1,1.5,3*39
$GNGSA,A,3,14,21,22,26,,,,,,,,,1.8,1.1,1.5,4*3B
$GNGSA,A,3,,,,,,,,,,,,,1.8,1.1,1.5,5*38
$GNZDA,000203.03,15,08,2026,00,00*70
$GNGLL,5128.68624,N,00000.62056,W,000203.03,A,A*60
$GNRMC,000204.03,A,5128.68891,N,00000.62945,W,22.15,295.72,150826,,,A,V*16
$GNVTG,295.72,T,,M,22.15,N,41.03,K,A*2A
$GNGGA,000204.03,5128.68891,N,00000.62945,W,1,17,1.1,74.85,M,45.30,M,,*53
$GNGSA,A,3,03,04,07,08,09,16,26,27,,,,,1.8,1.1,1.5,1*3B
$GNGSA,A,3,70,71,73,,,,,,,,,,1.8,1.1,1.5,2*3A
$GNGSA,A,3,05,13,,,,,,,,,,,1.8,1.1,1.5,3*39
$GNGSA,A,3,14,21,22,26,,,,,,,,,1.8,1.1,1.5,4*3B
$GNGSA,A,3,,,,,,,,,,,,,1.8,1.1,1.5,5*38
$GPGSV,3,1,09,03,18,210,24,04,80,276,50,07,22,284,24,08,17,171,26,1*68
$GPGSV,3,2,09,09,45,309,38,16,71,059,49,26,38,052,32,27,36,137,35,1*6F
$GPGSV,3,3,09,31,22,083,29,1*5F
$GLGSV,2,1,05,70,43,170,39,71,65,305,47,73,65,290,44,74,22,247,29,1*77
$GLGSV,2,2,05,80,31,118,31,1*4D
$GAGSV,1,1,03,05,40,095,32,13,62,201,48,15,28,318,35,7*47
$BDGSV,2,1,06,14,56,274,46,21,59,222,42,22,21,170,28,26,43,262,34,1*73
$BDGSV,2,2,06,29,14,106,,36,21,062,24,1*7E
$GQGSV,1,1,00,1*65
$GNZDA,000204.03,15,08,2026,00,00*77
$GNGLL,5128.68891,N,00000.62945,W,000204.03,A,A*6C
$GNRMC,000205.00,A,5128.69163,N,00000.63831,W,22.21,296.25,150826,,,A,V*14
$GNVTG,296.25,T,,M,22.21,N,41.12,K,A*2C
$GNGGA,000205.00,5128.69163,N,00000.63831,W,1,18,1.1,74.95,M,45.30,M,,*59
$GNGSA,A,3,03,04,07,08,09,16,26,27,31,,,,1.8,1.1,1.5,1*39
$GNGSA,A,3,70,71,73,,,,,,,,,,1.8,1.1,1.5,2*3A
$GNGSA,A,3,05,13,,,,,,,,,,,1.8,1.1,1.5,3*39
$GNGSA,A,3,14,21,22,26,,,,,,,,,1.8,1.1,1.5,4*3B
$GNGSA,A,3,,,,,,,,,,,,,1.8,1.1,1.5,5*38
$GNZDA,000205.00,15,08,2026,00,00*75
$GNGLL,5128.69163,N,00000.63831,W,000205.00,A,A*68
$GNRMC,000206.03,A,5128.69445,N,00000.64713,W,22.27,297.23,150826,,,A,V*1C
$GNVTG,297.23,T,,M,22.27,N,41.24,K,A*28
$GNGGA,000206.03,5128.69445,N,00000.64713,W,1,16,1.1,74.96,M,45.30,M,,*5D
$GNGSA,A,3,03,04,07,08,09,16,26,,,,,,1.8,1.1,1.5,1*3E
$GNGSA,A,3,70,71,73,,,,,,,,,,1.8,1.1,1.5,2*3A
$GNGSA,A,3,05,13,,,,,,,,,,,1.8,1.1,1.5,3*39
$GNGSA,A,3,14,21,22,26,,,,,,,,,1.8,1.1,1.5,4*3B
$GNGSA,A,3,,,,,,,,,,,,,1.8,1.1,1.5,5*38
$GPGSV,3,1,09,03,18,210,,04,80,276,50,07,22,284,27,08,17,171,30,1*6A
$GPGSV,3,2,09,09,45,309,35,16,71,059,43,26,38,052,39,27,36,137,30,1*66
$GPGSV,3,3,09,31,22,083,27,1*51
$GLGSV,2,1,05,70,43,170,35,71,65,305,48,73,65,290,40,74,22,247,31,1*79
$GLGSV,2,2,05,80,31,118,28,1*45
$GAGSV,1,1,03,05,40,095,37,13,62,201,43,15,28,318,30,7*4C
$BDGSV,2,1,06,14,56,274,40,21,59,222,39,22,21,170,25,26,43,262,40,1*77
$BDGSV,2,2,06,29,14,106,25,36,21,062,32,1*7E
$GQGSV,1,1,00,1*65
$GNZDA,000206.03,15,08,2026,00,00*75
$GNGLL,5128.69445,N,00000.64713,W,000206.03,A,A*61
$GNRMC,000207.03,A,5128.69736,N,00000.65591,W,22.33,298.03,150826,,,A,V*1B
$GNVTG,298.03,T,,M,22.33,N,41.36,K,A*23
$GNGGA,000207.03,5128.69736,N,00000.65591,W,1,17,1.2,74.95,M,45.30,M,,*53
$GNGSA,A,3,03,04,07,08,09,16,26,27,,,,,1.9,1.2,1.6,1*3A
$GNGSA,A,3,70,71,73,,,,,,,,,,1.9,1.2,1.6,2*3B
$GNGSA,A,3,05,13,,,,,,,,,,,1.9,1.2,1.6,3*38
$GNGSA,A,3,14,21,22,26,,,,,,,,,1.9,1.2,1.6,4*3A
$GNGSA,A,3,,,,,,,,,,,,,1.9,1.2,1.6,5*39
$GNZDA,000207.03,15,08,2026,00,00*74
$GNGLL,5128.69736,N,00000.65591,W,000207.03,A,A*6E
$GNRMC,000208.03,A,5128.70038,N,00000.66463,W,22.41,299.04,150826,,,A,V*19
$GNVTG,299.04,T,,M,22.41,N,41.50,K,A*20
$GNGGA,000208.03,5128.70038,N,00000.66463,W,1,18,1.1,75.00,M,45.30,M,,*53
$GNGSA,A,3,03,04,07,08,09,16,26,27,31,,,,1.8,1.1,1.5,1*39
$GNGSA,A,3,70,71,73,,,,,,,,,,1.8,1.1,1.5,2*3A
$GNGSA,A,3,05,13,,,,,,,,,,,1.8,1.1,1.5,3*39
$GNGSA,A,3,14,21,22,26,,,,,,,,,1.8,1.1,1.5,4*3B
$GNGSA,A,3,,,,,,,,,,,,,1.8,1.1,1.5,5*38
$GPGSV,3,1,09,03,18,210,26,04,80,276,50,07,22,284,32,08,17,171,32,1*68
$GPGSV,3,2,09,09,45,309,42,16,71,059,45,26,38,052,31,27,36,137,36,1*6E
$GPGSV,3,3,09,31,22,083,29,1*5F
$GLGSV,2,1,05,70,43,170,39,71,65,305,43,73,65,290,46,74,22,247,26,1*7E
$GLGSV,2,2,05,80,31,118,35,1*49
$GAGSV,1,1,03,05,40,095,38,13,62,201,45,15,28,318,27,7*43
$BDGSV,2,1,06,14,56,274,38,21,59,222,43,22,21,170,31,26,43,262,38,1*7F
$BDGSV,2,2,06,29,14,106,29,36,21,062,25,1*74
$GQGSV,1,1,00,1*65
$GNZDA,000208.03,15,08,2026,00,00*7B
$GNGLL,5128.70038,N,00000.66463,W,000208.03,A,A*6F
$GNRMC,000209.03,A,5128.70348,N,00000.67332,W,22.49,299.82,150826,,,A,V*18
$GNVTG,299.82,T,,M,22.49,N,41.66,K,A*23
$GNGGA,000209.03,5128.70348,N,00000.67332,W,1,16,1.2,74.79,M,45.30,M,,*56
$GNGSA,A,3,03,04,07,08,09,16,26,,,,,,1.9,1.2,1.6,1*3F
$GNGSA,A,3,70,71,73,,,,,,,,,,1.9,1.2,1.6,2*3B
$GNGSA,A,3,05,13,,,,,,,,,,,1.9,1.2,1.6,3*38
$GNGSA,A,3,14,21,22,26,,,,,,,,,1.9,1.2,1.6,4*3A
$GNGSA,A,3,,,,,,,,,,,,,1.9,1.2,1.6,5*39
$GNZDA,000209.03,15,08,2026,00,00*7A
$GNGLL,5128.70348,N,00000.67332,W,000209.03,A,A*68
$GNRMC,000210.00,A,5128.70666,N,00000.68198,W,22.58,300.46,150826,,,A,V*1E
$GNVTG,300.46,T,,M,22.58,N,41.82,K,A*20
$GNGGA,000210.00,5128.70666,N,00000.68198,W,1,17,1.1,74.61,M,45.30,M,,*52
$GNGSA,A,3,03,04,07,08,09,16,26,27,,,,,1.8,1.1,1.5,1*3B
$GNGSA,A,3,70,71,73,,,,,,,,,,1.8,1.1,1.5,2*3A
$GNGSA,A,3,05,13,,,,,,,,,,,1.8,1.1,1.5,3*39
$GNGSA,A,3,14,21,22,26,,,,,,,,,1.8,1.1,1.5,4*3B
$GNGSA,A,3,,,,,,,,,,,,,1.8,1.1,1.5,5*38
$GPGSV,3,1,09,03,18,210,,04,80,276,50,07,22,284,29,08,17,171,,1*67
$GPGSV,3,2,09,09,45,309,40,16,71,059,49,26,38,052,33,27,36,137,33,1*67
$GPGSV,3,3,09,31,22,083,28,1*5E
$GLGSV,2,1,05,70,43,170,41,71,65,305,41,73,65,290,42,74,22,247,27,1*76
$GLGSV,2,2,05,80,31,118,30,1*4C
$GAGSV,1,1,03,05,40,095,32,13,62,201,39,15,28,318,30,7*44
$BDGSV,2,1,06,14,56,274,46,21,59,222,47,22,21,170,33,26,43,262,38,1*70
$BDGSV,2,2,06,29,14,106,22,36,21,062,28,1*72
$GQGSV,1,1,00,1*65
$GNZDA,000210.00,15,08,2026,00,00*71
$GNGLL,5128.70666,N,00000.68198,W,000210.00,A,A*67
$GNRMC,000211.03,A,5128.70990,N,00000.69063,W,22.68,301.05,150826,,,A,V*1B
$GNVTG,301.05,T,,M,22.68,N,42.00,K,A*2C
$GNGGA,000211.03,5128.70990,N,00000.69063,W,1,18,1.0,74.42,M,45.30,M,,*5D
$GNGSA,A,3,03,04,07,08,09,16,26,27,31,,,,1.7,1.0,1.4,1*36
$GNGSA,A,3,70,71,73,,,,,,,,,,1.7,1.0,1.4,2*35
$GNGSA,A,3,05,13,,,,,,,,,,,1.7,1.0,1.4,3*36
$GNGSA,A,3,14,21,22,26,,,,,,,,,1.7,1.0,1.4,4*34
$GNGSA,A,3,,,,,,,,,,,,,1.7,1.0,1.4,5*37
$GNZDA,000211.03,15,08,2026,00,00*73
$GNGLL,5128.70990,N,00000.69063,W,000211.03,A,A*67
$GNRMC,000212.03,A,5128.71321,N,00000.69927,W,22.78,301.59,150826,,,A,V*18
$GNVTG,301.59,T,,M,22.78,N,42.20,K,A*26
$GNGGA,000212.03,5128.71321,N,00000.69927,W,1,16,1.2,74.16,M,45.30,M,,*5B
$GNGSA,A,3,03,04,07,08,09,16,26,,,,,,1.9,1.2,1.6,1*3F
$GNGSA,A,3,70,71,73,,,,,,,,,,1.9,1.2,1.6,2*3B
$GNGSA,A,3,05,13,,,,,,,,,,,1.9,1.2,1.6,3*38
$GNGSA,A,3,14,21,22,26,,,,,,,,,1.9,1.2,1.6,4*3A
$GNGSA,A,3,,,,,,,,,,,,,1.9,1.2,1.6,5*39
$GPGSV,3,1,09,03,18,210,32,04,80,276,50,07,22,284,25,08,17,171,31,1*68
$GPGSV,3,2,09,09,45,309,36,16,71,059,48,26,38,052,32,27,36,137,35,1*60
$GPGSV,3,3,09,31,22,083,32,1*55
$GLGSV,2,1,05,70,43,170,35,71,65,305,42,73,65,290,40,74,22,247,25,1*76
$GLGSV,2,2,05,80,31,118,35,1*49
$GAGSV,1,1,03,05,40,095,31,13,62,201,42,15,28,318,35,7*4E
$BDGSV,2,1,06,14,56,274,45,21,59,222,42,22,21,170,28,26,43,262,32,1*76
$BDGSV,2,2,06,29,14,106,,36,21,062,25,1*7F
$GQGSV,1,1,00,1*65
$GNZDA,000212.03,15,08,2026,00,00*70
$GNGLL,5128.71321,N,00000.69927,W,000212.03,A,A*6C
$GNRMC,000213.03,A,5128.71658,N,00000.70791,W,22.89,302.10,150826,,,A,V*19
$GNVTG,302.10,T,,M,22.89,N,42.40,K,A*20
$GNGGA,000213.03,5128.71658,N,00000.70791,W,1,17,1.0,74.18,M,45.30,M,,*57
$GNGSA,A,3,03,04,07,08,09,16,26,27,,,,,1.7,1.0,1.4,1*34
$GNGSA,A,3,70,71,73,,,,,,,,,,1.7,1.0,1.4,2*35
$GNGSA,A,3,05,13,,,,,,,,,,,1.7,1.0,1.4,3*36
$GNGSA,A,3,14,21,22,26,,,,,,,,,1.7,1.0,1.4,4*34
$GNGSA,A,3,,,,,,,,,,,,,1.7,1.0,1.4,5*37
$GNZDA,000213.03,15,08,2026,00,00*71
$GNGLL,5128.71658,N,00000.70791,W,000213.03,A,A*6D
$GNRMC,000214.03,A,5128.72007,N,00000.71649,W,23.01,303.14,150826,,,A,V*10
$GNVTG,303.14,T,,M,23.01,N,42.62,K,A*24
$GNGGA,000214.03,5128.72007,N,00000.71649,W,1,18,1.1,74.08,M,45.30,M,,*55
$GNGSA,A,3,03,04,07,08,09,16,26,27,31,,,,1.8,1.1,1.5,1*39
$GNGSA,A,3,70,71,73,,,,,,,,,,1.8,1.1,1.5,2*3A
$GNGSA,A,3,05,13,,,,,,,,,,,1.8,1.1,1.5,3*39
$GNGSA,A,3,14,21,22,26,,,,,,,,,1.8,1.1,1.5,4*3B
$GNGSA,A,3,,,,,,,,,,,,,1.8,1.1,1.5,5*38
$GPGSV,3,1,09,03,18,210,,04,80,276,46,07,22,284,26,08,17,171,,1*6F
$GPGSV,3,2,09,09,45,309,42,16,71,059,50,26,38,052,34,27,36,137,31,1*68
$GPGSV,3,3,09,31,22,083,32,1*55
$GLGSV,2,1,05,70,43,170,34,71,65,305,44,73,65,290,47,74,22,247,26,1*75
$GLGSV,2,2,05,80,31,118,32,1*4E
$GAGSV,1,1,03,05,40,095,40,13,62,201,45,15,28,318,35,7*4F
$BDGSV,2,1,06,14,56,274,40,21,59,222,44,22,21,170,25,26,43,262,32,1*78
$BDGSV,2,2,06,29,14,106,25,36,21,062,29,1*74
$GQGSV,1,1,00,1*65
$GNZDA,000214.03,15,08,2026,00,00*76
$GNGLL,5128.72007,N,00000.71649,W,000214.03,A,A*60
$GNRMC,000215.00,A,5128.72365,N,00000.72504,W,23.14,303.89,150826,,,A,V*1C
$GNVTG,303.89,T,,M,23.14,N,42.85,K,A*2D
$GNGGA,000215.00,5128.72365,N,00000.72504,W,1,16,1.1,74.03,M,45.30,M,,*5C
$GNGSA,A,3,03,04,07,08,09,16,26,,,,,,1.8,1.1,1.5,1*3E
$GNGSA,A,3,70,71,73,,,,,,,,,,1.8,1.1,1.5,2*3A
$GNGSA,A,3,05,13,,,,,,,,,,,1.8,1.1,1.5,3*39
$GNGSA,A,3,14,21,22,26,,,,,,,,,1.8,1.1,1.5,4*3B
$GNGSA,A,3,,,,,,,,,,,,,1.8,1.1,1.5,5*38
$GNZDA,000215.00,15,08,2026,00,00*74
$GNGLL,5128.72365,N,00000.72504,W,000215.00,A,A*6C
$GNRMC,000216.03,A,5128.72734,N,00000.73353,W,23.27,304.92,150826,,,A,V*14
$GNVTG,304.92,T,,M,23.27,N,43.09,K,A*25
$GNGGA,000216.03,5128.72734,N,00000.73353,W,1,17,1.2,74.06,M,45.30,M,,*5E
$GNGSA,A,3,03,04,07,08,09,16,26,27,,,,,1.9,1.2,1.6,1*3A
$GNGSA,A,3,70,71,73,,,,,,,,,,1.9,1.2,1.6,2*3B
$GNGSA,A,3,05,13,,,,,,,,,,,1.9,1.2,1.6,3*38
$GNGSA,A,3,14,21,22,26,,,,,,,,,1.9,1.2,1.6,4*3A
$GNGSA,A,3,,,,,,,,,,,,,1.9,1.2,1.6,5*39
$GPGSV,3,1,09,03,18,210,23,04,80,276,46,07,22,284,29,08,17,171,,1*61
$GPGSV,3,2,09,09,45,309,39,16,71,059,46,26,38,052,34,27,36,137,38,1*6A
$GPGSV,3,3,09,31,22,083,30,1*57
$GLGSV,2,1,05,70,43,170,32,71,65,305,45,73,65,290,48,74,22,247,28,1*73
$GLGSV,2,2,05,80,31,118,36,1*4A
$GAGSV,1,1,03,05,40,095,35,13,62,201,43,15,28,318,28,7*47
$BDGSV,2,1,06,14,56,274,39,21,59,222,46,22,21,170,25,26,43,262,33,1*75
$BDGSV,2,2,06,29,14,106,,36,21,062,31,1*7A
$GQGSV,1,1,00,1*65
$GNZDA,000216.03,15,08,2026,00,00*74
$GNGLL,5128.72734,N,00000.73353,W,000216.03,A,A*69
$GNRMC,000217.03,A,5128.73115,N,00000.74196,W,23.40,306.00,150826,,,A,V*15
$GNVTG,306.00,T,,M,23.40,N,43.34,K,A*23
$GNGGA,000217.03,5128.73115,N,00000.74196,W,1,18,1.0,74.14,M,45.30,M,,*59
$GNGSA,A,3,03,04,07,08,09,16,26,27,31,,,,1.7,1.0,1.4,1*36
$GNGSA,A,3,70,71,73,,,,,,,,,,1.7,1.0,1.4,2*35
$GNGSA,A,3,05,13,,,,,,,,,,,1.7,1.0,1.4,3*36
$GNGSA,A,3,14,21,22,26,,,,,,,,,1.7,1.0,1.4,4*34
$GNGSA,A,3,,,,,,,,,,,,,1.7,1.0,1.4,5*37
$GNZDA,000217.03,15,08,2026,00,00*75
$GNGLL,5128.73115,N,00000.74196,W,000217.03,A,A*60
$GNRMC,000218.03,A,5128.73509,N,00000.75032,W,23.54,307.09,150826,,,A,V*10
$GNVTG,307.09,T,,M,23.54,N,43.60,K,A*2F
$GNGGA,000218.03,5128.73509,N,00000.75032,W,1,16,1.1,74.09,M,45.30,M,,*52
$GNGSA,A,3,03,04,07,08,09,16,26,,,,,,1.8,1.1,1.5,1*3E
$GNGSA,A,3,70,71,73,,,,,,,,,,1.8,1.1,1.5,2*3A
$GNGSA,A,3,05,13,,,,,,,,,,,1.8,1.1,1.5,3*39
$GNGSA,A,3,14,21,22,26,,,,,,,,,1.8,1.1,1.5,4*3B
$GNGSA,A,3,,,,,,,,,,,,,1.8,1.1,1.5,5*38
$GPGSV,3,1,09,03,18,210,,04,80,276,46,07,22,284,26,08,17,171,28,1*65
$GPGSV,3,2,09,09,45,309,39,16,71,059,49,26,38,052,37,27,36,137,34,1*6A
$GPGSV,3,3,09,31,22,083,28,1*5E
$GLGSV,2,1,05,70,43,170,34,71,65,305,47,73,65,290,42,74,22,247,29,1*7C
$GLGSV,2,2,05,80,31,118,33,1*4F
$GAGSV,1,1,03,05,40,095,38,13,62,201,44,15,28,318,27,7*42
$BDGSV,2,1,06,14,56,274,42,21,59,222,40,22,21,170,29,26,43,262,37,1*77
$BDGSV,2,2,06,29,14,106,,36,21,062,25,1*7F
$GQGSV,1,1,00,1*65
$GNZDA,000218.03,15,08,2026,00,00*7A
$GNGLL,5128.73509,N,00000.75032,W,000218.03,A,A*68
$GNRMC,000219.03,A,5128.73910,N,00000.75868,W,23.69,307.63,150826,,,A,V*10
$GNVTG,307.63,T,,M,23.69,N,43.88,K,A*2B
$GNGGA,000219.03,5128.73910,N,00000.75868,W,1,17,1.1,74.16,M,45.30,M,,*5F
$GNGSA,A,3,03,04,07,08,09,16,26,27,,,,,1.8,1.1,1.5,1*3B
$GNGSA,A,3,70,71,73,,,,,,,,,,1.8,1.1,1.5,2*3A
$GNGSA,A,3,05,13,,,,,,,,,,,1.8,1.1,1.5,3*39
$GNGSA,A,3,14,21,22,26,,,,,,,,,1.8,1.1,1.5,4*3B
$GNGSA,A,3,,,,,,,,,,,,,1.8,1.1,1.5,5*38
$GNZDA,000219.03,15,08,2026,00,00*7B
$GNGLL,5128.73910,N,00000.75868,W,000219.03,A,A*6A
$GNRMC,000220.00,A,5128.74321,N,00000.76700,W,23.84,308.37,150826,,,A,V*19
$GNVTG,308.37,T,,M,23.84,N,44.16,K,A*26
$GNGGA,000220.00,5128.74321,N,00000.76700,W,1,18,1.0,74.13,M,45.30,M,,*50
$GNGSA,A,3,03,04,07,08,09,16,26,27,31,,,,1.7,1.0,1.4,1*36
$GNGSA,A,3,70,71,73,,,,,,,,,,1.7,1.0,1.4,2*35
$GNGSA,A,3,05,13,,,,,,,,,,,1.7,1.0,1.4,3*36
$GNGSA,A,3,14,21,22,26,,,,,,,,,1.7,1.0,1.4,4*34
$GNGSA,A,3,,,,,,,,,,,,,1.7,1.0,1.4,5*37
$GPGSV,3,1,09,03,18,210,,04,80,276,48,07,22,284,28,08,17,171,23,1*6E
$GPGSV,3,2,09,09,45,309,40,16,71,059,42,26,38,052,35,27,36,137,33,1*6A
$GPGSV,3,3,09,31,22,083,25,1*53
$GLGSV,2,1,05,70,43,170,38,71,65,305,45,73,65,290,45,74,22,247,34,1*79
$GLGSV,2,2,05,80,31,118,34,1*48
$GAGSV,1,1,03,05,40,095,36,13,62,201,44,15,28,318,34,7*4E
$BDGSV,2,1,06,14,56,274,44,21,59,222,38,22,21,170,26,26,43,262,33,1*75
$BDGSV,2,2,06,29,14,106,,36,21,062,26,1*7C
$GQGSV,1,1,00,1*65
$GNZZZ,not,a,real,sentence*5C
$GNZDA,000220.00,15,08,2026,00,00*72
$GNGLL,5128.74321,N,00000.76700,W,000220.00,A,A*6E
$GNRMC,000221.03,A,5128.74741,N,00000.77529,W,24.00,309.13,150826,,,A,V*1D
$GNVTG,309.13,T,,M,24.00,N,44.45,K,A*2C
$GNGGA,000221.03,5128.74741,N,00000.77529,W,1,16,0.9,73.97,M,45.30,M,,*55
$GNGSA,A,3,03,04,07,08,09,16,26,,,,,,1.6,0.9,1.3,1*3F
$GNGSA,A,3,70,71,73,,,,,,,,,,1.6,0.9,1.3,2*3B
$GNGSA,A,3,05,13,,,,,,,,,,,1.6,0.9,1.3,3*38
$GNGSA,A,3,14,21,22,26,,,,,,,,,1.6,0.9,1.3,4*3A
$GNGSA,A,3,,,,,,,,,,,,,1.6,0.9,1.3,5*39
$GNZDA,000221.03,15,08,2026,00,00*70
$GNGLL,5128.74741,N,00000.77529,W,000221.03,A,A*66
$GNRMC,000222.03,A,5128.75173,N,00000.78351,W,24.16,310.17,150826,,,A,V*15
$GNVTG,310.17,T,,M,24.16,N,44.75,K,A*24
$GNGGA,000222.03,5128.75173,N,00000.78351,W,1,17,1.0,73.93,M,45.30,M,,*5B
$GNGSA,A,3,03,04,07,08,09,16,26,27,,,,,1.7,1.0,1.4,1*34
$GNGSA,A,3,70,71,73,,,,,,,,,,1.7,1.0,1.4,2*35
$GNGSA,A,3,05,13,,,,,,,,,,,1.7,1.0,1.4,3*36
$GNGSA,A,3,14,21,22,26,,,,,,,,,1.7,1.0,1.4,4*34
$GNGSA,A,3,,,,,,,,,,,,,1.7,1.0,1.4,5*37
$GPGSV,3,1,09,03,18,210,31,04,80,276,48,07,22,284,30,08,17,171,23,1*65
$GPGSV,3,2,09,09,45,309,42,16,71,059,47,26,38,052,39,27,36,137,34,1*66
$GPGSV,3,3,09,31,22,083,26,1*50
$GLGSV,2,1,05,70,43,170,33,71,65,305,46,73,65,290,44,74,22,247,28,1*7D
$GLGSV,2,2,05,80,31,118,28,1*45
$GAGSV,1,1,03,05,40,095,37,13,62,201,45,15,28,318,36,7*4C
$BDGSV,2,1,06,14,56,274,36,21,59,222,45,22,21,170,29,26,43,262,40,1*71
$BDGSV,2,2,06,29,14,106,22,36,21,062,32,1*79
$GQGSV,1,1,00,1*65
$GNZDA,000222.03,15,08,2026,00,00*73
$GNGLL,5128.75173,N,00000.78351,W,000222.03,A,A*65
$GNRMC,000223.03,A,5128.75618,N,00000.79165,W,24.33,311.25,150826,,,A,V*1D
$GNVTG,311.25,T,,M,24.33,N,45.06,K,A*26
$GNGGA,000223.03,5128.75618,N,00000.79165,W,1,18,1.1,73.82,M,45.30,M,,*5A
$GNGSA,A,3,03,04,07,08,09,16,26,27,31,,,,1.8,1.1,1.5,1*39
$GNGSA,A,3,70,71,73,,,,,,,,,,1.8,1.1,1.5,2*3A
$GNGSA,A,3,05,13,,,,,,,,,,,1.8,1.1,1.5,3*39
$GNGSA,A,3,14,21,22,26,,,,,,,,,1.8,1.1,1.5,4*3B
$GNGSA,A,3,,,,,,,,,,,,,1.8,1.1,1.5,5*38
$GNZDA,000223.03,15,08,2026,00,00*72
$GNGLL,5128.75618,N,00000.79165,W,000223.03,A,A*6A
$GNRMC,000224.03,A,5128.76071,N,00000.79978,W,24.50,311.87,150826,,,A,V*19
$GNVTG,311.87,T,,M,24.50,N,45.38,K,A*26
$GNGGA,000224.03,5128.76071,N,00000.79978,W,1,16,0.9,73.81,M,45.30,M,,*57
$GNGSA,A,3,03,04,07,08,09,16,26,,,,,,1.6,0.9,1.3,1*3F
$GNGSA,A,3,70,71,73,,,,,,,,,,1.6,0.9,1.3,2*3B
$GNGSA,A,3,05,13,,,,,,,,,,,1.6,0.9,1.3,3*38
$GNGSA,A,3,14,21,22,26,,,,,,,,,1.6,0.9,1.3,4*3A
$GNGSA,A,3,,,,,,,,,,,,,1.6,0.9,1.3,5*39
$GPGSV,3,1,09,03,18,210,,04,80,276,46,07,22,284,31,08,17,171,,1*69
$GPGSV,3,2,09,09,45,309,35,16,71,059,45,26,38,052,39,27,36,137,34,1*64
$GPGSV,3,3,09,31,22,083,34,1*53
$GLGSV,2,1,05,70,43,170,35,71,65,305,46,73,65,290,41,74,22,247,32,1*75
$GLGSV,2,2,05,80,31,118,31,1*4D
$GAGSV,1,1,03,05,40,095,40,13,62,201,45,15,28,318,34,7*4E
$BDGSV,2,1,06,14,56,274,39,21,59,222,45,22,21,170,26,26,43,262,32,1*74
$BDGSV,2,2,06,29,14,106,24,36,21,062,30,1*7D
$GQGSV,1,1,00,1*65
$GNZDA,000224.03,15,08,2026,00,00*75
$GNGLL,5128.76071,N,00000.79978,W,000224.03,A,A*63
$GNRMC,000225.00,A,5128.76536,N,00000.80784,W,24.68,312.81,150826,,,A,V*18
$GNVTG,312.81,T,,M,24.68,N,45.70,K,A*24
$GNGGA,000225.00,5128.76536,N,00000.80784,W,1,17,0.9,73.57,M,45.30,M,,*52
$GNGSA,A,3,03,04,07,08,09,16,26,27,,,,,1.6,0.9,1.3,1*3A
$GNGSA,A,3,70,71,73,,,,,,,,,,1.6,0.9,1.3,2*3B
$GNGSA,A,3,05,13,,,,,,,,,,,1.6,0.9,1.3,3*38
$GNGSA,A,3,14,21,22,26,,,,,,,,,1.6,0.9,1.3,4*3A
$GNGSA,A,3,,,,,,,,,,,,,1.6,0.9,1.3,5*39
$GNZDA,000225.00,15,08,2026,00,00*77
$GNGLL,5128.76536,N,00000.80784,W,000225.00,A,A*6C
$GNRMC,000226.03,A,5128.77012,N,00000.81584,W,24.86,313.65,150826,,,A,V*12
$GNVTG,313.65,T,,M,24.86,N,46.03,K,A*28
$GNGGA,000226.03,5128.77012,N,00000.81584,W,1,18,1.1,73.21,M,45.30,M,,*54
$GNGSA,A,3,03,04,07,08,09,16,26,27,31,,,,1.8,1.1,1.5,1*39
$GNGSA,A,3,70,71,73,,,,,,,,,,1.8,1.1,1.5,2*3A
$GNGSA,A,3,05,13,,,,,,,,,,,1.8,1.1,1.5,3*39
$GNGSA,A,3,14,21,22,26,,,,,,,,,1.8,1.1,1.5,4*3B
$GNGSA,A,3,,,,,,,,,,,,,1.8,1.1,1.5,5*38
$GPGSV,3,1,09,03,18,210,30,04,80,276,48,07,22,284,27,08,17,171,26,1*67
$GPGSV,3,2,09,09,45,309,33,16,71,059,48,26,38,052,37,27,36,137,33,1*66
$GPGSV,3,3,09,31,22,083,31,1*56
$GLGSV,2,1,05,70,43,170,40,71,65,305,45,73,65,290,49,74,22,247,25,1*7A
$GLGSV,2,2,05,80,31,118,33,1*4F
$GAGSV,1,1,03,05,40,095,37,13,62,201,42,15,28,318,30,7*4D
$BDGSV,2,1,06,14,56,274,41,21,59,222,40,22,21,170,29,26,43,262,36,1*75
$BDGSV,2,2,06,29,14,106,29,36,21,062,27,1*76
$GQGSV,1,1,00,1*65
$GNZDA,000226.03,15,08,2026,00,00*77
$GNGLL,5128.77012,N,00000.81584,W,000226.03,A,A*6D
$GNRMC,000227.03,A,5128.77500,N,00000.82376,W,25.04,314.73,150826,,,A,V*16
$GNVTG,314.73,T,,M,25.04,N,46.37,K,A*24
$GNGGA,000227.03,5128.77500,N,00000.82376,W,1,16,0.9,73.21,M,45.30,M,,*5C
$GNGSA,A,3,03,04,07,08,09,16,26,,,,,,1.6,0.9,1.3,1*3F
$GNGSA,A,3,70,71,73,,,,,,,,,,1.6,0.9,1.3,2*3B
$GNGSA,A,3,05,13,,,,,,,,,,,1.6,0.9,1.3,3*38
$GNGSA,A,3,14,21,22,26,,,,,,,,,1.6,0.9,1.3,4*3A
$GNGSA,A,3,,,,,,,,,,,,,1.6,0.9,1.3,5*39
$GNZDA,000227.03,15,08,2026,00,00*76
$GNGLL,5128.77500,N,00000.82376,W,000227.03,A,A*62
$GNRMC,000228.03,A,5128.77999,N,00000.83164,W,25.22,315.42,150826,,,A,V*12
$GNVTG,315.42,T,,M,25.22,N,46.71,K,A*21
$GNGGA,000228.03,5128.77999,N,00000.83164,W,1,17,1.0,72.98,M,45.30,M,,*55
$GNGSA,A,3,03,04,07,08,09,16,26,27,,,,,1.7,1.0,1.4,1*34
$GNGSA,A,3,70,71,73,,,,,,,,,,1.7,1.0,1.4,2*35
$GNGSA,A,3,05,13,,,,,,,,,,,1.7,1.0,1.4,3*36
$GNGSA,A,3,14,21,22,26,,,,,,,,,1.7,1.0,1.4,4*34
$GNGSA,A,3,,,,,,,,,,,,,1.7,1.0,1.4,5*37
$GPGSV,3,1,09,03,18,210,,04,80,276,48,07,22,284,25,08,17,171,,1*62
$GPGSV,3,2,09,09,45,309,33,16,71,059,48,26,38,052,35,27,36,137,32,1*65
$GPGSV,3,3,09,31,22,083,32,1*55
$GLGSV,2,1,05,70,43,170,33,71,65,305,46,73,65,290,45,74,22,247,30,1*75
$GLGSV,2,2,05,80,31,118,31,1*4D
$GAGSV,1,1,03,05,40,095,36,13,62,201,46,15,28,318,27,7*4E
$BDGSV,2,1,06,14,56,274,45,21,59,222,46,22,21,170,26,26,43,262,39,1*77
$BDGSV,2,2,06,29,14,106,,36,21,062,27,1*7D
$GQGSV,1,1,00,1*65
$GNZDA,000228.03,15,08,2026,00,00*79
$GNGLL,5128.77999,N,00000.83164,W,000228.03,A,A*61
$GNRMC,000229.03,A,5128.78508,N,00000.83945,W,25.41,316.36,150826,,,A,V*16
$GNVTG,316.36,T,,M,25.41,N,47.06,K,A*25
$GNGGA,000229.03,5128.78508,N,00000.83945,W,1,18,1.0,72.64,M,45.30,M,,*58
$GNGSA,A,3,03,04,07,08,09,16,26,27,31,,,,1.7,1.0,1.4,1*36
$GNGSA,A,3,70,71,73,,,,,,,,,,1.7,1.0,1.4,2*35
$GNGSA,A,3,05,13,,,,,,,,,,,1.7,1.0,1.4,3*36
$GNGSA,A,3,14,21,22,26,,,,,,,,,1.7,1.0,1.4,4*34
$GNGSA,A,3,,,,,,,,,,,,,1.7,1.0,1.4,5*37
$GNZDA,000229.03,15,08,2026,00,00*78
$GNGLL,5128.78508,N,00000.83945,W,000229.03,A,A*60
$GNRMC,000230.00,A,5128.79023,N,00000.84731,W,25.60,316.41,150826,,,A,V*19
$GNVTG,316.41,T,,M,25.60,N,47.42,K,A*26
$GNGGA,000230.00,5128.79023,N,00000.84731,W,1,06,0.9,72.32,M,45.30,M,,*50
$GNGSA,A,2,03,04,07,08,,,,,,,,,1.6,0.9,1.3,1*34
$GNGSA,A,2,,,,,,,,,,,,,1.6,0.9,1.3,2*3F
$GNGSA,A,2,,,,,,,,,,,,,1.6,0.9,1.3,3*3E
$GNGSA,A,2,14,21,,,,,,,,,,,1.6,0.9,1.3,4*3F
$GNGSA,A,2,,,,,,,,,,,,,1.6,0.9,1.3,5*38
$GPGSV,3,1,09,03,18,210,,04,80,276,50,07,22,284,26,08,17,171,,1*68
$GPGSV,3,2,09,09,45,309,40,16,71,059,46,26,38,052,30,27,36,137,35,1*6D
$GPGSV,3,3,09,31,22,083,33,1*54
$GLGSV,2,1,05,70,43,170,40,71,65,305,40,73,65,290,42,74,22,247,26,1*77
$GLGSV,2,2,05,80,31,118,37,1*4B
$GAGSV,1,1,03,05,40,095,36,13,62,201,44,15,28,318,27,7*4C
$BDGSV,2,1,06,14,56,274,40,21,59,222,47,22,21,170,29,26,43,262,38,1*7D
$BDGSV,2,2,06,29,14,106,,36,21,062,26,1*7C
$GQGSV,1,1,00,1*65
$GNZDA,000230.00,15,08,2026,00,00*73
$GNGLL,5128.79023,N,00000.84731,W,000230.00,A,A*6C
$GPTXT,01,01,02,ANTENNA OK*36
$GNRMC,000231.03,A,5128.79542,N,00000.85520,W,25.80,316.61,150826,,,A,V*16
$GNVTG,316.61,T,,M,25.80,N,47.77,K,A*2C
$GNGGA,000231.03,5128.79542,N,00000.85520,W,1,06,1.0,72.23,M,45.30,M,,*5B
$GNGSA,A,2,03,04,07,08,,,,,,,,,1.7,1.0,1.4,1*3A
$GNGSA,A,2,,,,,,,,,,,,,1.7,1.0,1.4,2*31
$GNGSA,A,2,,,,,,,,,,,,,1.7,1.0,1.4,3*30
$GNGSA,A,2,14,21,,,,,,,,,,,1.7,1.0,1.4,4*31
$GNGSA,A,2,,,,,,,,,,,,,1.7,1.0,1.4,5*36
$GNZDA,000231.03,15,08,2026,00,00*71
$GNGLL,5128.79542,N,00000.85520,W,000231.03,A,A*6F
$GNRMC,000232.03,A,5128.80064,N,00000.86318,W,25.99,316.41,150826,,,A,V*16
$GNVTG,316.41,T,,M,25.99,N,48.14,K,A*2C
$GNGGA,000232.03,5128.80064,N,00000.86318,W,1,06,0.9,71.96,M,45.30,M,,*54
$GNGSA,A,2,03,04,07,08,,,,,,,,,1.6,0.9,1.3,1*34
$GNGSA,A,2,,,,,,,,,,,,,1.6,0.9,1.3,2*3F
$GNGSA,A,2,,,,,,,,,,,,,1.6,0.9,1.3,3*3E
$GNGSA,A,2,14,21,,,,,,,,,,,1.6,0.9,1.3,4*3F
$GNGSA,A,2,,,,,,,,,,,,,1.6,0.9,1.3,5*38
$GPGSV,3,1,09,03,18,210,26,04,80,276,50,07,22,284,25,08,17,171,29,1*64
$GPGSV,3,2,09,09,45,309,35,16,71,059,48,26,38,052,35,27,36,137,36,1*67
$GPGSV,3,3,09,31,22,083,31,1*56
$GLGSV,2,1,05,70,43,170,40,71,65,305,42,73,65,290,44,74,22,247,32,1*76
$GLGSV,2,2,05,80,31,118,34,1*48
$GAGSV,1,1,03,05,40,095,38,13,62,201,46,15,28,318,31,7*47
$BDGSV,2,1,06,14,56,274,44,21,59,222,41,22,21,170,28,26,43,262,37,1*71
$BDGSV,2,2,06,29,14,106,25,36,21,062,26,1*7B
$GQGSV,1,1,00,1*65
$GNZDA,000232.03,15,08,2026,00,00*72
$GNGLL,5128.80064,N,00000.86318,W,000232.03,A,A*65
$GNRMC,000233.03,A,5128.80593,N,00000.87118,W,26.19,316.66,150826,,,A,V*17
$GNVTG,316.66,T,,M,26.19,N,48.50,K,A*22
$GNGGA,000233.03,5128.80593,N,00000.87118,W,1,06,0.8,71.72,M,45.30,M,,*50
$GNGSA,A,2,03,04,07,08,,,,,,,,,1.5,0.8,1.2,1*37
$GNGSA,A,2,,,,,,,,,,,,,1.5,0.8,1.2,2*3C
$GNGSA,A,2,,,,,,,,,,,,,1.5,0.8,1.2,3*3D
$GNGSA,A,2,14,21,,,,,,,,,,,1.5,0.8,1.2,4*3C
$GNGSA,A,2,,,,,,,,,,,,,1.5,0.8,1.2,5*3B
$GNZDA,000233.03,15,08,2026,00,00*73
$GNGLL,5128.80593,N,00000.87118,W,000233.03,A,A*6A
$GNRMC,000234.03,A,5128.81126,N,00000.87922,W,26.39,316.81,150826,,,A,V*11
$GNVTG,316.81,T,,M,26.39,N,48.87,K,A*23
$GNGGA,000234.03,5128.81126,N,00000.87922,W,1,06,0.8,71.57,M,45.30,M,,*5A
$GNGSA,A,2,03,04,07,08,,,,,,,,,1.5,0.8,1.2,1*37
$GNGSA,A,2,,,,,,,,,,,,,1.5,0.8,1.2,2*3C
$GNGSA,A,2,,,,,,,,,,,,,1.5,0.8,1.2,3*3D
$GNGSA,A,2,14,21,,,,,,,,,,,1.5,0.8,1.2,4*3C
$GNGSA,A,2,,,,,,,,,,,,,1.5,0.8,1.2,5*3B
$GPGSV,3,1,09,03,18,210,29,04,80,276,50,07,22,284,25,08,17,171,,1*60
$GPGSV,3,2,09,09,45,309,41,16,71,059,45,26,38,052,37,27,36,137,32,1*6F
$GPGSV,3,3,09,31,22,083,30,1*57
$GLGSV,2,1,05,70,43,170,41,71,65,305,48,73,65,290,49,74,22,247,26,1*75
$GLGSV,2,2,05,80,31,118,34,1*48
$GAGSV,1,1,03,05,40,095,40,13,62,201,48,15,28,318,29,7*4F
$BDGSV,2,1,06,14,56,274,37,21,59,222,42,22,21,170,31,26,43,262,38,1*71
$BDGSV,2,2,06,29,14,106,,36,21,062,29,1*73
$GQGSV,1,1,00,1*65
$GNZDA,000234.03,15,08,2026,00,00*74
$GNGLL,5128.81126,N,00000.87922,W,000234.03,A,A*67
$GNRMC,000235.00,A,5128.81663,N,00000.88733,W,26.58,316.77,150826,,,A,V*1A
$GNVTG,316.77,T,,M,26.58,N,49.23,K,A*22
$GNGGA,000235.00,5128.81663,N,00000.88733,W,1,06,0.9,71.15,M,45.30,M,,*58
$GNGSA,A,2,03,04,07,08,,,,,,,,,1.6,0.9,1.3,1*34
$GNGSA,A,2,,,,,,,,,,,,,1.6,0.9,1.3,2*3F
$GNGSA,A,2,,,,,,,,,,,,,1.6,0.9,1.3,3*3E
$GNGSA,A,2,14,21,,,,,,,,,,,1.6,0.9,1.3,4*3F
$GNGSA,A,2,,,,,,,,,,,,,1.6,0.9,1.3,5*38
$GNZDA,000235.00,15,08,2026,00,00*76
$GNGLL,5128.81663,N,00000.88733,W,000235.00,A,A*62
$GNRMC,000236.03,A,5128.82205,N,00000.89548,W,26.78,316.88,150826,,,A,V*10
$GNVTG,316.88,T,,M,26.78,N,49.60,K,A*27
$GNGGA,000236.03,5128.82205,N,00000.89548,W,1,06,0.9,70.92,M,45.30,M,,*5E
$GNGSA,A,2,03,04,07,08,,,,,,,,,1.6,0.9,1.3,1*34
$GNGSA,A,2,,,,,,,,,,,,,1.6,0.9,1.3,2*3F
$GNGSA,A,2,,,,,,,,,,,,,1.6,0.9,1.3,3*3E
$GNGSA,A,2,14,21,,,,,,,,,,,1.6,0.9,1.3,4*3F
$GNGSA,A,2,,,,,,,,,,,,,1.6,0.9,1.3,5*38
$GPGSV,3,1,09,03,18,210,,04,80,276,50,07,22,284,32,08,17,171,30,1*6E
$GPGSV,3,2,09,09,45,309,41,16,71,059,48,26,38,052,38,27,36,137,38,1*67
$GPGSV,3,3,09,31,22,083,30,1*57
$GLGSV,2,1,05,70,43,170,35,71,65,305,41,73,65,290,41,74,22,247,27,1*76
$GLGSV,2,2,05,80,31,118,30,1*4C
$GAGSV,1,1,03,05,40,095,31,13,62,201,44,15,28,318,32,7*4F
$BDGSV,2,1,06,14,56,274,41,21,59,222,44,22,21,170,26,26,43,262,37,1*7F
$BDGSV,2,2,06,29,14,106,23,36,21,062,24,1*7F
$GQGSV,1,1,00,1*65
$GNZDA,000236.03,15,08,2026,00,00*76
$GNGLL,5128.82205,N,00000.89548,W,000236.03,A,A*6A
$GNRMC,000237.03,A,5128.82753,N,00000.90366,W,26.98,317.07,150826,,,A,V*1D
$GNVTG,317.07,T,,M,26.98,N,49.97,K,A*27
$GNGGA,000237.03,5128.82753,N,00000.90366,W,1,06,0.9,70.57,M,45.30,M,,*52
$GNGSA,A,2,03,04,07,08,,,,,,,,,1.6,0.9,1.3,1*34
$GNGSA,A,2,,,,,,,,,,,,,1.6,0.9,1.3,2*3F
$GNGSA,A,2,,,,,,,,,,,,,1.6,0.9,1.3,3*3E
$GNGSA,A,2,14,21,,,,,,,,,,,1.6,0.9,1.3,4*3F
$GNGSA,A,2,,,,,,,,,,,,,1.6,0.9,1.3,5*38
$GNZDA,000237.03,15,08,2026,00,00*77
$GNGLL,5128.82753,N,00000.90366,W,000237.03,A,A*6F
$GNRMC,000238.03,A,5128.83308,N,00000.91186,W,27.18,317.37,150826,,,A,V*1E
$GNVTG,317.37,T,,M,27.18,N,50.34,K,A*2C
$GNGGA,000238.03,5128.83308,N,00000.91186,W,1,06,0.8,70.15,M,45.30,M,,*5C
$GNGSA,A,2,03,04,07,08,,,,,,,,,1.5,0.8,1.2,1*37
$GNGSA,A,2,,,,,,,,,,,,,1.5,0.8,1.2,2*3C
$GNGSA,A,2,,,,,,,,,,,,,1.5,0.8,1.2,3*3D
$GNGSA,A,2,14,21,,,,,,,,,,,1.5,0.8,1.2,4*3C
$GNGSA,A,2,,,,,,,,,,,,,1.5,0.8,1.2,5*3B
$GPGSV,3,1,09,03,18,210,29,04,80,276,46,07,22,284,33,08,17,171,,1*60
$GPGSV,3,2,09,09,45,309,35,16,71,059,48,26,38,052,34,27,36,137,34,1*64
$GPGSV,3,3,09,31,22,083,34,1*53
$GLGSV,2,1,05,70,43,170,41,71,65,305,44,73,65,290,44,74,22,247,29,1*7B
$GLGSV,2,2,05,80,31,118,30,1*4C
$GAGSV,1,1,03,05,40,095,33,13,62,201,43,15,28,318,31,7*49
$BDGSV,2,1,06,14,56,274,39,21,59,222,38,22,21,170,28,26,43,262,38,1*7A
$BDGSV,2,2,06,29,14,106,29,36,21,062,30,1*70
$GQGSV,1,1,00,1*65
$GNZDA,000238.03,15,08,2026,00,00*78
$GNGLL,5128.83308,N,00000.91186,W,000238.03,A,A*66
$GNRMC,000239.03,A,5128.83866,N,00000.92011,W,27.38,317.39,150826,,,A,V*1C
$GNVTG,317.39,T,,M,27.38,N,50.71,K,A*21
$GNGGA,000239.03,5128.83866,N,00000.92011,W,1,06,0.8,69.66,M,45.30,M,,*5E
$GNGSA,A,2,03,04,07,08,,,,,,,,,1.5,0.8,1.2,1*37
$GNGSA,A,2,,,,,,,,,,,,,1.5,0.8,1.2,2*3C
$GNGSA,A,2,,,,,,,,,,,,,1.5,0.8,1.2,3*3D
$GNGSA,A,2,14,21,,,,,,,,,,,1.5,0.8,1.2,4*3C
$GNGSA,A,2,,,,,,,,,,,,,1.5,0.8,1.2,5*3B
$GNZDA,000239.03,15,08,2026,00,00*79
$GNGLL,5128.83866,N,00000.92011,W,000239.03,A,A*68
$GNRMC,000240.00,A,5128.84429,N,00000.92844,W,27.58,317.31,150826,,,A,V*17
$GNVTG,317.31,T,,M,27.58,N,51.08,K,A*20
$GNGGA,000240.00,5128.84429,N,00000.92844,W,1,06,0.9,69.28,M,45.30,M,,*50
$GNGSA,A,2,03,04,07,08,,,,,,,,,1.6,0.9,1.3,1*34
$GNGSA,A,2,,,,,,,,,,,,,1.6,0.9,1.3,2*3F
$GNGSA,A,2,,,,,,,,,,,,,1.6,0.9,1.3,3*3E
$GNGSA,A,2,14,21,,,,,,,,,,,1.6,0.9,1.3,4*3F
$GNGSA,A,2,,,,,,,,,,,,,1.6,0.9,1.3,5*38
$GPGSV,3,1,09,03,18,210,,04,80,276,50,07,22,284,25,08,17,171,,1*6B
$GPGSV,3,2,09,09,45,309,41,16,71,059,50,26,38,052,38,27,36,137,34,1*62
$GPGSV,3,3,09,31,22,083,24,1*52
$GLGSV,2,1,05,70,43,170,33,71,65,305,45,73,65,290,44,74,22,247,25,1*73
$GLGSV,2,2,05,80,31,118,30,1*4C
$GAGSV,1,1,03,05,40,095,35,13,62,201,40,15,28,318,31,7*4C
$BDGSV,2,1,06,14,56,274,40,21,59,222,40,22,21,170,30,26,43,262,39,1*73
$BDGSV,2,2,06,29,14,106,,36,21,062,25,1*7F
$GQGSV,1,1,00,1*65
$GNZDA,000240.00,15,08,2026,00,00*74
$GNGLL,5128.84429,N,00000.92844,W,000240.00,A,A*6D
$GNRMC,000241.03,A,5128.84994,N,00000.93684,W,27.78,317.23,150826,,,A,V*1C
$GNVTG,317.23,T,,M,27.78,N,51.45,K,A*28
$GNGGA,000241.03,5128.84994,N,00000.93684,W,1,06,0.7,69.15,M,45.30,M,,*5A
$GNGSA,A,2,03,04,07,08,,,,,,,,,1.4,0.7,1.1,1*3A
$GNGSA,A,2,,,,,,,,,,,,,1.4,0.7,1.1,2*31
$GNGSA,A,2,,,,,,,,,,,,,1.4,0.7,1.1,3*30
$GNGSA,A,2,14,21,,,,,,,,,,,1.4,0.7,1.1,4*31
$GNGSA,A,2,,,,,,,,,,,,,1.4,0.7,1.1,5*36
$GNZDA,000241.03,15,08,2026,00,00*76
$GNGLL,5128.84994,N,00000.93684,W,000241.03,A,A*67
$GNRMC,000242.03,A,5128.85564,N,00000.94530,W,27.98,317.24,150826,,,A,V*1F
$GNVTG,317.24,T,,M,27.98,N,51.81,K,A*29
$GNGGA,000242.03,5128.85564,N,00000.94530,W,1,06,0.8,68.73,M,45.30,M,,*5E
$GNGSA,A,2,03,04,07,08,,,,,,,,,1.5,0.8,1.2,1*37
$GNGSA,A,2,,,,,,,,,,,,,1.5,0.8,1.2,2*3C
$GNGSA,A,2,,,,,,,,,,,,,1.5,0.8,1.2,3*3D
$GNGSA,A,2,14,21,,,,,,,,,,,1.5,0.8,1.2,4*3C
$GNGSA,A,2,,,,,,,,,,,,,1.5,0.8,1.2,5*3B
$GPGSV,3,1,09,03,18,210,29,04,80,276,50,07,22,284,25,08,17,171,31,1*62
$GPGSV,3,2,09,09,45,309,40,16,71,059,43,26,38,052,31,27,36,137,35,1*69
$GPGSV,3,3,09,31,22,083,29,1*5F
$GLGSV,2,1,05,70,43,170,33,71,65,305,42,73,65,290,44,74,22,247,24,1*75
$GLGSV,2,2,05,80,31,118,30,1*4C
$GAGSV,1,1,03,05,40,095,34,13,62,201,46,15,28,318,27,7*4C
$BDGSV,2,1,06,14,56,274,36,21,59,222,38,22,21,170,27,26,43,262,39,1*7B
$BDGSV,2,2,06,29,14,106,24,36,21,062,30,1*7D
$GQGSV,1,1,00,1*65
$GNZDA,000242.03,15,08,2026,00,00*75
$GNGLL,5128.85564,N,00000.94530,W,000242.03,A,A*6D
$GNRMC,000243.03,A,5128.86137,N,00000.95381,W,28.17,317.23,150826,,,A,V*1D
$GNVTG,317.23,T,,M,28.17,N,52.18,K,A*25
$GNGGA,000243.03,5128.86137,N,00000.95381,W,1,06,0.8,68.27,M,45.30,M,,*52
$GNGSA,A,2,03,04,07,08,,,,,,,,,1.5,0.8,1.2,1*37
$GNGSA,A,2,,,,,,,,,,,,,1.5,0.8,1.2,2*3C
$GNGSA,A,2,,,,,,,,,,,,,1.5,0.8,1.2,3*3D
$GNGSA,A,2,14,21,,,,,,,,,,,1.5,0.8,1.2,4*3C
$GNGSA,A,2,,,,,,,,,,,,,1.5,0.8,1.2,5*3B
$GNZDA,000243.03,15,08,2026,00,00*74
$GNGLL,5128.86137,N,00000.95381,W,000243.03,A,A*60
$GNRMC,000244.03,A,5128.86714,N,00000.96240,W,28.37,317.16,150826,,,A,V*16
$GNVTG,317.16,T,,M,28.37,N,52.53,K,A*2E
$GNGGA,000244.03,5128.86714,N,00000.96240,W,1,06,0.7,67.81,M,45.30,M,,*51
$GNGSA,A,2,03,04,07,08,,,,,,,,,1.4,0.7,1.1,1*3A
$GNGSA,A,2,,,,,,,,,,,,,1.4,0.7,1.1,2*31
$GNGSA,A,2,,,,,,,,,,,,,1.4,0.7,1.1,3*30
$GNGSA,A,2,14,21,,,,,,,,,,,1.4,0.7,1.1,4*31
$GNGSA,A,2,,,,,,,,,,,,,1.4,0.7,1.1,5*36
$GPGSV,3,1,09,03,18,210,28,04,80,276,45,07,22,284,31,08,17,171,,1*60
$GPGSV,3,2,09,09,45,309,41,16,71,059,50,26,38,052,31,27,36,137,38,1*67
$GPGSV,3,3,09,31,22,083,32,1*55
$GLGSV,2,1,05,70,43,170,33,71,65,305,39,73,65,290,41,74,22,247,31,1*78
$GLGSV,2,2,05,80,31,118,28,1*45
$GAGSV,1,1,03,05,40,095,34,13,62,201,40,15,28,318,35,7*49
$BDGSV,2,1,06,14,56,274,40,21,59,222,41,22,21,170,30,26,43,262,37,1*7C
$BDGSV,2,2,06,29,14,106,,36,21,062,24,1*7E
$GQGSV,1,1,00,1*65
$GNZDA,000244.03,15,08,2026,00,00*73
$GNGLL,5128.86714,N,00000.96240,W,000244.03,A,A*6F
$GNRMC,000245.00,A,5128.87296,N,00000.97101,W,28.56,317.36,150826,,,A,V*18
$GNVTG,317.36,T,,M,28.56,N,52.89,K,A*2C
$GNGGA,000245.00,5128.87296,N,00000.97101,W,1,16,0.9,67.67,M,45.30,M,,*5D
$GNGSA,A,3,03,04,07,08,09,16,26,,,,,,1.6,0.9,1.3,1*3F
$GNGSA,A,3,70,71,73,,,,,,,,,,1.6,0.9,1.3,2*3B
$GNGSA,A,3,05,13,,,,,,,,,,,1.6,0.9,1.3,3*38
$GNGSA,A,3,14,21,22,26,,,,,,,,,1.6,0.9,1.3,4*3A
$GNGSA,A,3,,,,,,,,,,,,,1.6,0.9,1.3,5*39
$GNZDA,000245.00,15,08,2026,00,00*71
$GNGLL,5128.87296,N,00000.97101,W,000245.00,A,A*64
$GNRMC,000246.03,A,5128.87884,N,00000.97966,W,28.75,317.50,150826,,,A,V*19
$GNVTG,317.50,T,,M,28.75,N,53.24,K,A*2B
$GNGGA,000246.03,5128.87884,N,00000.97966,W,1,17,0.8,67.18,M,45.30,M,,*55
$GNGSA,A,3,03,04,07,08,09,16,26,27,,,,,1.5,0.8,1.2,1*39
$GNGSA,A,3,70,71,73,,,,,,,,,,1.5,0.8,1.2,2*38
$GNGSA,A,3,05,13,,,,,,,,,,,1.5,0.8,1.2,3*3B
$GNGSA,A,3,14,21,22,26,,,,,,,,,1.5,0.8,1.2,4*39
$GNGSA,A,3,,,,,,,,,,,,,1.5,0.8,1.2,5*3A
$GPGSV,3,1,09,03,18,210,28,04,80,276,50,07,22,284,28,08,17,171,,1*6C
$GPGSV,3,2,09,09,45,309,37,16,71,059,44,26,38,052,34,27,36,137,31,1*6F
$GPGSV,3,3,09,31,22,083,34,1*53
$GLGSV,2,1,05,70,43,170,33,71,65,305,45,73,65,290,47,74,22,247,31,1*75
$GLGSV,2,2,05,80,31,118,33,1*4F
$GAGSV,1,1,03,05,40,095,36,13,62,201,41,15,28,318,33,7*4C
$BDGSV,2,1,06,14,56,274,43,21,59,222,45,22,21,170,25,26,43,262,36,1*7E
$BDGSV,2,2,06,29,14,106,29,36,21,062,27,1*76
$GQGSV,1,1,00,1*65
$GNZDA,000246.03,15,08,2026,00,00*71
$GNGLL,5128.87884,N,00000.97966,W,000246.03,A,A*64
$GNRMC,000247.03,A,5128.88475,N,00000.98838,W,28.93,317.43,150826,,,A,V*1A
$GNVTG,317.43,T,,M,28.93,N,53.58,K,A*2A
$GNGGA,000247.03,5128.88475,N,00000.98838,W,1,18,0.8,66.88,M,45.30,M,,*5B
$GNGSA,A,3,03,04,07,08,09,16,26,27,31,,,,1.5,0.8,1.2,1*3B
$GNGSA,A,3,70,71,73,,,,,,,,,,1.5,0.8,1.2,2*38
$GNGSA,A,3,05,13,,,,,,,,,,,1.5,0.8,1.2,3*3B
$GNGSA,A,3,14,21,22,26,,,,,,,,,1.5,0.8,1.2,4*39
$GNGSA,A,3,,,,,,,,,,,,,1.5,0.8,1.2,5*3A
$GNZDA,000247.03,15,08,2026,00,00*70
$GNGLL,5128.88475,N,00000.98838,W,000247.03,A,A*6D
$GNRMC,000248.03,A,5128.89067,N,00000.99718,W,29.12,317.21,150826,,,A,V*13
$GNVTG,317.21,T,,M,29.12,N,53.92,K,A*20
$GNGGA,000248.03,5128.89067,N,00000.99718,W,1,16,0.7,66.61,M,45.30,M,,*58
$GNGSA,A,3,03,04,07,08,09,16,26,,,,,,1.4,0.7,1.1,1*31
$GNGSA,A,3,70,71,73,,,,,,,,,,1.4,0.7,1.1,2*35
$GNGSA,A,3,05,13,,,,,,,,,,,1.4,0.7,1.1,3*36
$GNGSA,A,3,14,21,22,26,,,,,,,,,1.4,0.7,1.1,4*34
$GNGSA,A,3,,,,,,,,,,,,,1.4,0.7,1.1,5*37
$GPGSV,3,1,09,03,18,210,33,04,80,276,47,07,22,284,32,08,17,171,,1*6B
$GPGSV,3,2,09,09,45,309,37,16,71,059,48,26,38,052,39,27,36,137,32,1*6D
$GPGSV,3,3,09,31,22,083,26,1*50
$GLGSV,2,1,05,70,43,170,35,71,65,305,40,73,65,290,40,74,22,247,25,1*74
$GLGSV,2,2,05,80,31,118,31,1*4D
$GAGSV,1,1,03,05,40,095,37,13,62,201,45,15,28,318,36,7*4C
$BDGSV,2,1,06,14,56,274,38,21,59,222,39,22,21,170,33,26,43,262,34,1*7C
$BDGSV,2,2,06,29,14,106,23,36,21,062,25,1*7E
$GQGSV,1,1,00,1*65
$GNZDA,000248.03,15,08,2026,00,00*7F
$GNGLL,5128.89067,N,00000.99718,W,000248.03,A,A*68
$GNRMC,000249.03,A,5128.89663,N,00001.00605,W,29.29,317.14,150826,,,A,V*12
$GNVTG,317.14,T,,M,29.29,N,54.25,K,A*25
$GNGGA,000249.03,5128.89663,N,00001.00605,W,1,17,0.7,66.09,M,45.30,M,,*58
$GNGSA,A,3,03,04,07,08,09,16,26,27,,,,,1.4,0.7,1.1,1*34
$GNGSA,A,3,70,71,73,,,,,,,,,,1.4,0.7,1.1,2*35
$GNGSA,A,3,05,13,,,,,,,,,,,1.4,0.7,1.1,3*36
$GNGSA,A,3,14,21,22,26,,,,,,,,,1.4,0.7,1.1,4*34
$GNGSA,A,3,,,,,,,,,,,,,1.4,0.7,1.1,5*37
$GNZDA,000249.03,15,08,2026,00,00*7E
$GNGLL,5128.89663,N,00001.00605,W,000249.03,A,A*67
$GNRMC,000250.00,A,5128.90211,N,00001.01424,W,27.00,317.06,150826,,,A,V*16
$GNVTG,317.06,T,,M,27.00,N,50.00,K,A*20
$GNGGA,000250.00,5128.90211,N,00001.01424,W,1,18,0.6,65.60,M,45.30,M,,*58
$GNGSA,A,3,03,04,07,08,09,16,26,27,31,,,,1.3,0.6,1.0,1*31
$GNGSA,A,3,70,71,73,,,,,,,,,,1.3,0.6,1.0,2*32
$GNGSA,A,3,05,13,,,,,,,,,,,1.3,0.6,1.0,3*31
$GNGSA,A,3,14,21,22,26,,,,,,,,,1.3,0.6,1.0,4*33
$GNGSA,A,3,,,,,,,,,,,,,1.3,0.6,1.0,5*30
$GPGSV,3,1,09,03,18,210,23,04,80,276,50,07,22,284,30,08,17,171,26,1*6A
$GPGSV,3,2,09,09,45,309,35,16,71,059,46,26,38,052,39,27,36,137,31,1*62
$GPGSV,3,3,09,31,22,083,29,1*5F
$GLGSV,2,1,05,70,43,170,39,71,65,305,47,73,65,290,42,74,22,247,26,1*7E
$GLGSV,2,2,05,80,31,118,32,1*4E
$GAGSV,1,1,03,05,40,095,38,13,62,201,48,15,28,318,35,7*4D
$BDGSV,2,1,06,14,56,274,45,21,59,222,44,22,21,170,33,26,43,262,41,1*7E
$BDGSV,2,2,06,29,14,106,26,36,21,062,33,1*7C
$GQGSV,1,1,00,1*65
$GNZDA,000250.00,15,08,2026,00,00*75
$GNGLL,5128.90211,N,00001.01424,W,000250.00,A,A*65
$GNRMC,000251.03,A,5128.90721,N,00001.02184,W,25.10,317.16,150826,,,A,V*1C
$GNVTG,317.16,T,,M,25.10,N,46.49,K,A*28
$GNGGA,000251.03,5128.90721,N,00001.02184,W,1,16,0.7,65.16,M,45.30,M,,*5E
$GNGSA,A,3,03,04,07,08,09,16,26,,,,,,1.4,0.7,1.1,1*31
$GNGSA,A,3,70,71,73,,,,,,,,,,1.4,0.7,1.1,2*35
$GNGSA,A,3,05,13,,,,,,,,,,,1.4,0.7,1.1,3*36
$GNGSA,A,3,14,21,22,26,,,,,,,,,1.4,0.7,1.1,4*34
$GNGSA,A,3,,,,,,,,,,,,,1.4,0.7,1.1,5*37
$GNZDA,000251.03,15,08,2026,00,00*77
$GNGLL,5128.90721,N,00001.02184,W,000251.03,A,A*6D
$GNRMC,000252.03,A,5128.91191,N,00001.02890,W,23.20,316.94,150826,,,A,V*11
$GNVTG,316.94,T,,M,23.20,N,42.97,K,A*21
$GNGGA,000252.03,5128.91191,N,00001.02890,W,1,17,0.6,64.67,M,45.30,M,,*5A
$GNGSA,A,3,03,04,07,08,09,16,26,27,,,,,1.3,0.6,1.0,1*33
$GNGSA,A,3,70,71,73,,,,,,,,,,1.3,0.6,1.0,2*32
$GNGSA,A,3,05,13,,,,,,,,,,,1.3,0.6,1.0,3*31
$GNGSA,A,3,14,21,22,26,,,,,,,,,1.3,0.6,1.0,4*33
$GNGSA,A,3,,,,,,,,,,,,,1.3,0.6,1.0,5*30
$GPGSV,3,1,09,03,18,210,,04,80,276,49,07,22,284,25,08,17,171,,1*63
$GPGSV,3,2,09,09,45,309,38,16,71,059,42,26,38,052,33,27,36,137,33,1*63
$GPGSV,3,3,09,31,22,083,25,1*53
$GLGSV,2,1,05,70,43,170,37,71,65,305,47,73,65,290,45,74,22,247,34,1*74
$GLGSV,2,2,05,80,31,118,33,1*4F
$GAGSV,1,1,03,05,40,095,39,13,62,201,44,15,28,318,31,7*44
$BDGSV,2,1,06,14,56,274,37,21,59,222,43,22,21,170,26,26,43,262,34,1*7A
$BDGSV,2,2,06,29,14,106,,36,21,062,29,1*73
$GQGSV,1,1,00,1*65
$GNZDA,000252.03,15,08,2026,00,00*74
$GNGLL,5128.91191,N,00001.02890,W,000252.03,A,A*6E
$GNRMC,000253.03,A,5128.91622,N,00001.03538,W,21.30,316.85,150826,,,A,V*12
$GNVTG,316.85,T,,M,21.30,N,39.45,K,A*21
$GNGGA,000253.03,5128.91622,N,00001.03538,W,1,18,0.6,64.33,M,45.30,M,,*54
$GNGSA,A,3,03,04,07,08,09,16,26,27,31,,,,1.3,0.6,1.0,1*31
$GNGSA,A,3,70,71,73,,,,,,,,,,1.3,0.6,1.0,2*32
$GNGSA,A,3,05,13,,,,,,,,,,,1.3,0.6,1.0,3*31
$GNGSA,A,3,14,21,22,26,,,,,,,,,1.3,0.6,1.0,4*33
$GNGSA,A,3,,,,,,,,,,,,,1.3,0.6,1.0,5*30
$GNZDA,000253.03,15,08,2026,00,00*75
$GNGLL,5128.91622,N,00001.03538,W,000253.03,A,A*6E
$GNRMC,000254.03,A,5128.92014,N,00001.04130,W,19.40,316.78,150826,,,A,V*10
$GNVTG,316.78,T,,M,19.40,N,35.93,K,A*28
$GNGGA,000254.03,5128.92014,N,00001.04130,W,1,16,0.6,63.94,M,45.30,M,,*5C
$GNGSA,A,3,03,04,07,08,09,16,26,,,,,,1.3,0.6,1.0,1*36
$GNGSA,A,3,70,71,73,,,,,,,,,,1.3,0.6,1.0,2*32
$GNGSA,A,3,05,13,,,,,,,,,,,1.3,0.6,1.0,3*31
$GNGSA,A,3,14,21,22,26,,,,,,,,,1.3,0.6,1.0,4*33
$GNGSA,A,3,,,,,,,,,,,,,1.3,0.6,1.0,5*30
$GPGSV,3,1,09,03,18,210,,04,80,276,46,07,22,284,33,08,17,171,27,1*6E
$GPGSV,3,2,09,09,45,309,42,16,71,059,45,26,38,052,39,27,36,137,32,1*62
$GPGSV,3,3,09,31,22,083,25,1*53
$GLGSV,2,1,05,70,43,170,38,71,65,305,45,73,65,290,40,74,22,247,25,1*7C
$GLGSV,2,2,05,80,31,118,37,1*4B
$GAGSV,1,1,03,05,40,095,36,13,62,201,42,15,28,318,32,7*4E
$BDGSV,2,1,06,14,56,274,40,21,59,222,37,22,21,170,30,26,43,262,38,1*72
$BDGSV,2,2,06,29,14,106,,36,21,062,29,1*73
$GQGSV,1,1,00,1*65
$GNZDA,000254.03,15,08,2026,00,00*72
$GNGLL,5128.92014,N,00001.04130,W,000254.03,A,A*62
$GNRMC,000255.00,A,5128.92369,N,00001.04661,W,17.50,316.99,150826,,,A,V*18
$GNVTG,316.99,T,,M,17.50,N,32.41,K,A*20
$GNGGA,000255.00,5128.92369,N,00001.04661,W,1,17,0.7,63.57,M,45.30,M,,*5B
$GNGSA,A,3,03,04,07,08,09,16,26,27,,,,,1.4,0.7,1.1,1*34
$GNGSA,A,3,70,71,73,,,,,,,,,,1.4,0.7,1.1,2*35
$GNGSA,A,3,05,13,,,,,,,,,,,1.4,0.7,1.1,3*36
$GNGSA,A,3,14,21,22,26,,,,,,,,,1.4,0.7,1.1,4*34
$GNGSA,A,3,,,,,,,,,,,,,1.4,0.7,1.1,5*37
$GNZDA,000255.00,15,08,2026,00,00*70
$GNGLL,5128.92369,N,00001.04661,W,000255.00,A,A*6A
$GNRMC,000256.03,A,5128.92684,N,00001.05136,W,15.60,316.90,150826,,,A,V*12
$GNVTG,316.90,T,,M,15.60,N,28.89,K,A*27
$GNGGA,000256.03,5128.92684,N,00001.05136,W,1,18,0.7,63.15,M,45.30,M,,*50
$GNGSA,A,3,03,04,07,08,09,16,26,27,31,,,,1.4,0.7,1.1,1*36
$GNGSA,A,3,70,71,73,,,,,,,,,,1.4,0.7,1.1,2*35
$GNGSA,A,3,05,13,,,,,,,,,,,1.4,0.7,1.1,3*36
$GNGSA,A,3,14,21,22,26,,,,,,,,,1.4,0.7,1.1,4*34
$GNGSA,A,3,,,,,,,,,,,,,1.4,0.7,1.1,5*37
$GPGSV,3,1,09,03,18,210,26,04,80,276,50,07,22,284,32,08,17,171,28,1*63
$GPGSV,3,2,09,09,45,309,33,16,71,059,50,26,38,052,35,27,36,137,38,1*66
$GPGSV,3,3,09,31,22,083,25,1*53
$GLGSV,2,1,05,70,43,170,39,71,65,305,48,73,65,290,42,74,22,247,32,1*74
$GLGSV,2,2,05,80,31,118,37,1*4B
$GAGSV,1,1,03,05,40,095,31,13,62,201,46,15,28,318,28,7*46
$BDGSV,2,1,06,14,56,274,36,21,59,222,45,22,21,170,26,26,43,262,38,1*71
$BDGSV,2,2,06,29,14,106,,36,21,062,33,1*78
$GQGSV,1,1,00,1*65
$GNZDA,000256.03,15,08,2026,00,00*70
$GNGLL,5128.92684,N,00001.05136,W,000256.03,A,A*68
$GNRMC,000257.03,A,5128.92962,N,00001.05552,W,13.70,317.02,150826,,,A,V*1F
$GNVTG,317.02,T,,M,13.70,N,25.37,K,A*22
$GNGGA,000257.03,5128.92962,N,00001.05552,W,1,16,0.8,62.80,M,45.30,M,,*5C
$GNGSA,A,3,03,04,07,08,09,16,26,,,,,,1.5,0.8,1.2,1*3C
$GNGSA,A,3,70,71,73,,,,,,,,,,1.5,0.8,1.2,2*38
$GNGSA,A,3,05,13,,,,,,,,,,,1.5,0.8,1.2,3*3B
$GNGSA,A,3,14,21,22,26,,,,,,,,,1.5,0.8,1.2,4*39
$GNGSA,A,3,,,,,,,,,,,,,1.5,0.8,1.2,5*3A
$GNZDA,000257.03,15,08,2026,00,00*71
$GNGLL,5128.92962,N,00001.05552,W,000257.03,A,A*68
$GNRMC,000258.03,A,5128.93201,N,00001.05911,W,11.80,316.79,150826,,,A,V*14
$GNVTG,316.79,T,,M,11.80,N,21.85,K,A*2F
$GNGGA,000258.03,5128.93201,N,00001.05911,W,1,17,0.8,62.24,M,45.30,M,,*58
$GNGSA,A,3,03,04,07,08,09,16,26,27,,,,,1.5,0.8,1.2,1*39
$GNGSA,A,3,70,71,73,,,,,,,,,,1.5,0.8,1.2,2*38
$GNGSA,A,3,05,13,,,,,,,,,,,1.5,0.8,1.2,3*3B
$GNGSA,A,3,14,21,22,26,,,,,,,,,1.5,0.8,1.2,4*39
$GNGSA,A,3,,,,,,,,,,,,,1.5,0.8,1.2,5*3A
$GPGSV,3,1,09,03,18,210,,04,80,276,45,07,22,284,27,08,17,171,,1*6D
$GPGSV,3,2,09,09,45,309,37,16,71,059,44,26,38,052,37,27,36,137,32,1*6F
$GPGSV,3,3,09,31,22,083,27,1*51
$GLGSV,2,1,05,70,43,170,35,71,65,305,39,73,65,290,43,74,22,247,28,1*74
$GLGSV,2,2,05,80,31,118,28,1*45
$GAGSV,1,1,03,05,40,095,32,13,62,201,43,15,28,318,36,7*4F
$BDGSV,2,1,06,14,56,274,39,21,59,222,46,22,21,170,29,26,43,262,36,1*7C
$BDGSV,2,2,06,29,14,106,,36,21,062,27,1*7D
$GQGSV,1,1,00,1*65
$GNZDA,000258.03,15,08,2026,00,00*7E
$GNGLL,5128.93201,N,00001.05911,W,000258.03,A,A*63
$GNRMC,000259.03,A,5128.93402,N,00001.06211,W,9.90,317.12,150826,,,A,V*2C
$GNVTG,317.12,T,,M,9.90,N,18.33,K,A*1C
$GNGGA,000259.03,5128.93402,N,00001.06211,W,1,18,0.8,61.85,M,45.30,M,,*53
$GNGSA,A,3,03,04,07,08,09,16,26,27,31,,,,1.5,0.8,1.2,1*3B
$GNGSA,A,3,70,71,73,,,,,,,,,,1.5,0.8,1.2,2*38
$GNGSA,A,3,05,13,,,,,,,,,,,1.5,0.8,1.2,3*3B
$GNGSA,A,3,14,21,22,26,,,,,,,,,1.5,0.8,1.2,4*39
$GNGSA,A,3,,,,,,,,,,,,,1.5,0.8,1.2,5*3A
$GNZDA,000259.03,15,08,2026,00,00*7F
$GNGLL,5128.93402,N,00001.06211,W,000259.03,A,A*6F
$GNRMC,000300.00,A,5128.93565,N,00001.06453,W,8.00,317.32,150826,,,A,V*28
$GNVTG,317.32,T,,M,8.00,N,14.82,K,A*10
$GNGGA,000300.00,5128.93565,N,00001.06453,W,1,16,0.8,61.31,M,45.30,M,,*5C
$GNGSA,A,3,03,04,07,08,09,16,26,,,,,,1.5,0.8,1.2,1*3C
$GNGSA,A,3,70,71,73,,,,,,,,,,1.5,0.8,1.2,2*38
$GNGSA,A,3,05,13,,,,,,,,,,,1.5,0.8,1.2,3*3B
$GNGSA,A,3,14,21,22,26,,,,,,,,,1.5,0.8,1.2,4*39
$GNGSA,A,3,,,,,,,,,,,,,1.5,0.8,1.2,5*3A
$GPGSV,3,1,09,03,18,210,,04,80,276,48,07,22,284,32,08,17,171,25,1*63
$GPGSV,3,2,09,09,45,309,42,16,71,059,44,26,38,052,37,27,36,137,30,1*6F
$GPGSV,3,3,09,31,22,083,28,1*5E
$GLGSV,2,1,05,70,43,170,35,71,65,305,42,73,65,290,40,74,22,247,29,1*7A
$GLGSV,2,2,05,80,31,118,28,1*45
$GAGSV,1,1,03,05,40,095,40,13,62,201,44,15,28,318,33,7*48
$BDGSV,2,1,06,14,56,274,40,21,59,222,42,22,21,170,32,26,43,262,37,1*7D
$BDGSV,2,2,06,29,14,106,25,36,21,062,24,1*79
$GQGSV,1,1,00,1*65
$GNZDA,000300.00,15,08,2026,00,00*71
$GNGLL,5128.93565,N,00001.06453,W,000300.00,A,A*61
$GPTXT,01,01,02,ANTENNA OK*36
$GNRMC,000301.03,A,5128.93690,N,00001.06636,W,6.10,317.48,150826,,,A,V*20
$GNVTG,317.48,T,,M,6.10,N,11.30,K,A*1E
$GNGGA,000301.03,5128.93690,N,00001.06636,W,1,17,0.7,61.06,M,45.30,M,,*5C
$GNGSA,A,3,03,04,07,08,09,16,26,27,,,,,1.4,0.7,1.1,1*34
$GNGSA,A,3,70,71,73,,,,,,,,,,1.4,0.7,1.1,2*35
$GNGSA,A,3,05,13,,,,,,,,,,,1.4,0.7,1.1,3*36
$GNGSA,A,3,14,21,22,26,,,,,,,,,1.4,0.7,1.1,4*34
$GNGSA,A,3,,,,,,,,,,,,,1.4,0.7,1.1,5*37
$GNZDA,000301.03,15,08,2026,00,00*73
$GNGLL,5128.93690,N,00001.06636,W,000301.03,A,A*6B
$GNRMC,000302.03,A,5128.93776,N,00001.06762,W,4.20,317.57,150826,,,A,V*25
$GNVTG,317.57,T,,M,4.20,N,7.78,K,A*2A
$GNGGA,000302.03,5128.93776,N,00001.06762,W,1,18,0.9,60.62,M,45.30,M,,*54
$GNGSA,A,3,03,04,07,08,09,16,26,27,31,,,,1.6,0.9,1.3,1*38
$GNGSA,A,3,70,71,73,,,,,,,,,,1.6,0.9,1.3,2*3B
$GNGSA,A,3,05,13,,,,,,,,,,,1.6,0.9,1.3,3*38
$GNGSA,A,3,14,21,22,26,,,,,,,,,1.6,0.9,1.3,4*3A
$GNGSA,A,3,,,,,,,,,,,,,1.6,0.9,1.3,5*39
$GPGSV,3,1,09,03,18,210,,04,80,276,47,07,22,284,27,08,17,171,,1*6F
$GPGSV,3,2,09,09,45,309,42,16,71,059,44,26,38,052,33,27,36,137,36,1*6D
$GPGSV,3,3,09,31,22,083,24,1*52
$GLGSV,2,1,05,70,43,170,38,71,65,305,43,73,65,290,45,74,22,247,32,1*79
$GLGSV,2,2,05,80,31,118,30,1*4C
$GAGSV,1,1,03,05,40,095,34,13,62,201,44,15,28,318,33,7*4B
$BDGSV,2,1,06,14,56,274,40,21,59,222,38,22,21,170,25,26,43,262,36,1*77
$BDGSV,2,2,06,29,14,106,,36,21,062,24,1*7E
$GQGSV,1,1,00,1*65
$GNZDA,000302.03,15,08,2026,00,00*70
$GNGLL,5128.93776,N,00001.06762,W,000302.03,A,A*61
$GNRMC,000303.03,A,5128.93823,N,00001.06831,W,2.30,317.76,150826,,,A,V*26
$GNVTG,317.76,T,,M,2.30,N,4.26,K,A*26
$GNGGA,000303.03,5128.93823,N,00001.06831,W,1,16,0.7,60.22,M,45.30,M,,*57
$GNGSA,A,3,03,04,07,08,09,16,26,,,,,,1.4,0.7,1.1,1*31
$GNGSA,A,3,70,71,73,,,,,,,,,,1.4,0.7,1.1,2*35
$GNGSA,A,3,05,13,,,,,,,,,,,1.4,0.7,1.1,3*36
$GNGSA,A,3,14,21,22,26,,,,,,,,,1.4,0.7,1.1,4*34
$GNGSA,A,3,,,,,,,,,,,,,1.4,0.7,1.1,5*37
$GNZDA,000303.03,15,08,2026,00,00*71
$GNGLL,5128.93823,N,00001.06831,W,000303.03,A,A*66
$GNRMC,000304.03,A,5128.93831,N,00001.06843,W,0.40,318.02,150826,,,A,V*2E
$GNVTG,318.02,T,,M,0.40,N,0.74,K,A*2C
$GNGGA,000304.03,5128.93831,N,00001.06843,W,1,17,0.9,60.00,M,45.30,M,,*59
$GNGSA,A,3,03,04,07,08,09,16,26,27,,,,,1.6,0.9,1.3,1*3A
$GNGSA,A,3,70,71,73,,,,,,,,,,1.6,0.9,1.3,2*3B
$GNGSA,A,3,05,13,,,,,,,,,,,1.6,0.9,1.3,3*38
$GNGSA,A,3,14,21,22,26,,,,,,,,,1.6,0.9,1.3,4*3A
$GNGSA,A,3,,,,,,,,,,,,,1.6,0.9,1.3,5*39
$GPGSV,3,1,09,03,18,210,23,04,80,276,46,07,22,284,30,08,17,171,23,1*68
$GPGSV,3,2,09,09,45,309,40,16,71,059,46,26,38,052,36,27,36,137,30,1*6E
$GPGSV,3,3,09,31,22,083,28,1*5E
$GLGSV,2,1,05,70,43,170,33,71,65,305,48,73,65,290,39,74,22,247,33,1*73
$GLGSV,2,2,05,80,31,118,31,1*4D
$GAGSV,1,1,03,05,40,095,38,13,62,201,39,15,28,318,28,7*47
$BDGSV,2,1,06,14,56,274,43,21,59,222,45,22,21,170,32,26,43,262,35,1*7B
$BDGSV,2,2,06,29,14,106,,36,21,062,31,1*7A
$GQGSV,1,1,00,1*65
$GNZDA,000304.03,15,08,2026,00,00*76
$GNGLL,5128.93831,N,00001.06843,W,000304.03,A,A*67
$GNRMC,000305.00,A,5128.93831,N,00001.06843,W,0.00,,150826,,,A,V*3E
$GNVTG,,,,,0.00,N,0.00,K,A*24
$GNGGA,000305.00,5128.93831,N,00001.06843,W,1,18,0.8,60.00,M,45.30,M,,*55
$GNGSA,A,3,03,04,07,08,09,16,26,27,31,,,,1.5,0.8,1.2,1*3B
$GNGSA,A,3,70,71,73,,,,,,,,,,1.5,0.8,1.2,2*38
$GNGSA,A,3,05,13,,,,,,,,,,,1.5,0.8,1.2,3*3B
$GNGSA,A,3,14,21,22,26,,,,,,,,,1.5,0.8,1.2,4*39
$GNGSA,A,3,,,,,,,,,,,,,1.5,0.8,1.2,5*3A
$GNZDA,000305.00,15,08,2026,00,00*74
$GNGLL,5128.93831,N,00001.06843,W,000305.00,A,A*65
$GNRMC,000306.03,A,5128.93831,N,00001.06843,W,,,150826,,,A,V*20
$GNVTG,,,,,0.00,N,0.00,K,A*24
$GNGGA,000306.03,5128.93831,N,00001.06843,W,1,16,0.8,60.00,M,45.30,M,,*5B
$GNGSA,A,3,03,04,07,08,09,16,26,,,,,,1.5,0.8,1.2,1*3C
$GNGSA,A,3,70,71,73,,,,,,,,,,1.5,0.8,1.2,2*38
$GNGSA,A,3,05,13,,,,,,,,,,,1.5,0.8,1.2,3*3B
$GNGSA,A,3,14,21,22,26,,,,,,,,,1.5,0.8,1.2,4*39
$GNGSA,A,3,,,,,,,,,,,,,1.5,0.8,1.2,5*3A
$GPGSV,3,1,09,03,18,210,30,04,80,276,47,07,22,284,34,08,17,171,32,1*6F
$GPGSV,3,2,09,09,45,309,32,16,71,059,42,26,38,052,36,27,36,137,31,1*6E
$GPGSV,3,3,09,31,22,083,32,1*55
$GLGSV,2,1,05,70,43,170,34,71,65,305,46,73,65,290,45,74,22,247,32,1*70
$GLGSV,2,2,05,80,31,118,28,1*45
$GAGSV,1,1,03,05,40,095,36,13,62,201,40,15,28,318,31,7*4F
$BDGSV,2,1,06,14,56,274,38,21,59,222,38,22,21,170,33,26,43,262,38,1*71
$BDGSV,2,2,06,29,14,106,28,36,21,062,30,1*71
$GQGSV,1,1,00,1*65
$GNZDA,000306.03,15,08,2026,00,00*74
$GNGLL,5128.93831,N,00001.06843,W,000306.03,A,A*65
$GNRMC,000307.03,A,5128.93831,N,00001.06843,W,0.00,,150826,,,A,V*3F
$GNVTG,,,,,0.00,N,0.00,K,A*24
$GNGGA,000307.03,5128.93831,N,00001.06843,W,1,17,0.8,60.00,M,45.30,M,,*5B
$GNGSA,A,3,03,04,07,08,09,16,26,27,,,,,1.5,0.8,1.2,1*39
$GNGSA,A,3,70,71,73,,,,,,,,,,1.5,0.8,1.2,2*38
$GNGSA,A,3,05,13,,,,,,,,,,,1.5,0.8,1.2,3*3B
$GNGSA,A,3,14,21,22,26,,,,,,,,,1.5,0.8,1.2,4*39
$GNGSA,A,3,,,,,,,,,,,,,1.5,0.8,1.2,5*3A
$GNZDA,000307.03,15,08,2026,00,00*75
$GNGLL,5128.93831,N,00001.06843,W,000307.03,A,A*64
$GNRMC,000308.03,A,5128.93831,N,00001.06843,W,0.00,,150826,,,A,V*30
$GNVTG,,,,,0.00,N,0.00,K,A*24
$GNGGA,000308.03,5128.93831,N,00001.06843,W,1,18,0.9,60.00,M,45.30,M,,*5A
$GNGSA,A,3,03,04,07,08,09,16,26,27,31,,,,1.6,0.9,1.3,1*38
$GNGSA,A,3,70,71,73,,,,,,,,,,1.6,0.9,1.3,2*3B
$GNGSA,A,3,05,13,,,,,,,,,,,1.6,0.9,1.3,3*38
$GNGSA,A,3,14,21,22,26,,,,,,,,,1.6,0.9,1.3,4*3A
$GNGSA,A,3,,,,,,,,,,,,,1.6,0.9,1.3,5*39
$GPGSV,3,1,09,03,18,210,,04,80,276,46,07,22,284,30,08,17,171,29,1*63
$GPGSV,3,2,09,09,45,309,34,16,71,059,47,26,38,052,31,27,36,137,36,1*6D
$GPGSV,3,3,09,31,22,083,26,1*50
$GLGSV,2,1,05,70,43,170,38,71,65,305,42,73,65,290,47,74,22,247,28,1*71
$GLGSV,2,2,05,80,31,118,31,1*4D
$GAGSV,1,1,03,05,40,095,34,13,62,201,47,15,28,318,30,7*4B
$BDGSV,2,1,06,14,56,274,41,21,59,222,47,22,21,170,27,26,43,262,35,1*7F
$BDGSV,2,2,06,29,14,106,,36,21,062,33,1*78
$GQGSV,1,1,00,1*65
$GNZDA,000308.03,15,08,2026,00,00*7A
$GNGLL,5128.93831,N,00001.06843,W,000308.03,A,A*6B
$GNRMC,000309.03,A,5128.93831,N,00001.06843,W,,,150826,,,A,V*2F
$GNVTG,,,,,0.00,N,0.00,K,A*24
$GNGGA,000309.03,5128.93831,N,00001.06843,W,1,16,0.8,60.00,M,45.30,M,,*54
$GNGSA,A,3,03,04,07,08,09,16,26,,,,,,1.5,0.8,1.2,1*3C
$GNGSA,A,3,70,71,73,,,,,,,,,,1.5,0.8,1.2,2*38
$GNGSA,A,3,05,13,,,,,,,,,,,1.5,0.8,1.2,3*3B
$GNGSA,A,3,14,21,22,26,,,,,,,,,1.5,0.8,1.2,4*39
$GNGSA,A,3,,,,,,,,,,,,,1.5,0.8,1.2,5*3A
$GNZDA,000309.03,15,08,2026,00,00*7B
$GNGLL,5128.93831,N,00001.06843,W,000309.03,A,A*6A
$GNRMC,000310.00,A,5128.93831,N,00001.06843,W,0.00,,150826,,,A,V*3A
$GNVTG,,,,,0.00,N,0.00,K,A*24
$GNGGA,000310.00,5128.93831,N,00001.06843,W,1,17,0.9,60.00,M,45.30,M,,*5F
$GNGSA,A,3,03,04,07,08,09,16,26,27,,,,,1.6,0.9,1.3,1*3A
$GNGSA,A,3,70,71,73,,,,,,,,,,1.6,0.9,1.3,2*3B
$GNGSA,A,3,05,13,,,,,,,,,,,1.6,0.9,1.3,3*38
$GNGSA,A,3,14,21,22,26,,,,,,,,,1.6,0.9,1.3,4*3A
$GNGSA,A,3,,,,,,,,,,,,,1.6,0.9,1.3,5*39
$GPGSV,3,1,09,03,18,210,28,04,80,276,50,07,22,284,26,08,17,171,30,1*61
$GPGSV,3,2,09,09,45,309,39,16,71,059,45,26,38,052,37,27,36,137,36,1*64
$GPGSV,3,3,09,31,22,083,25,1*53
$GLGSV,2,1,05,70,43,170,35,71,65,305,42,73,65,290,49,74,22,247,30,1*7B
$GLGSV,2,2,05,80,31,118,31,1*4D
$GAGSV,1,1,03,05,40,095,35,13,62,201,43,15,28,318,34,7*4A
$BDGSV,2,1,06,14,56,274,44,21,59,222,42,22,21,170,30,26,43,262,38,1*74
$BDGSV,2,2,06,29,14,106,,36,21,062,26,1*7C
$GQGSV,1,1,00,1*65
$GNZDA,000310.00,15,08,2026,00,00*70
$GNGLL,5128.93831,N,00001.06843,W,000310.00,A,A*61
$GNRMC,000311.03,A,5128.93831,N,00001.06843,W,0.00,,150826,,,A,V*38
$GNVTG,,,,,0.00,N,0.00,K,A*24
$GNGGA,000311.03,5128.93831,N,00001.06843,W,1,18,1.0,60.00,M,45.30,M,,*5A
$GNGSA,A,3,03,04,07,08,09,16,26,27,31,,,,1.7,1.0,1.4,1*36
$GNGSA,A,3,70,71,73,,,,,,,,,,1.7,1.0,1.4,2*35
$GNGSA,A,3,05,13,,,,,,,,,,,1.7,1.0,1.4,3*36
$GNGSA,A,3,14,21,22,26,,,,,,,,,1.7,1.0,1.4,4*34
$GNGSA,A,3,,,,,,,,,,,,,1.7,1.0,1.4,5*37
$GNZDA,000311.03,15,08,2026,00,00*72
$GNGLL,5128.93831,N,00001.06843,W,000311.03,A,A*63
$GNRMC,000312.03,A,5128.93831,N,00001.06843,W,,,150826,,,A,V*25
$GNVTG,,,,,0.00,N,0.00,K,A*24
$GNGGA,000312.03,5128.93831,N,00001.06843,W,1,16,0.9,60.00,M,45.30,M,,*5F
$GNGSA,A,3,03,04,07,08,09,16,26,,,,,,1.6,0.9,1.3,1*3F
$GNGSA,A,3,70,71,73,,,,,,,,,,1.6,0.9,1.3,2*3B
$GNGSA,A,3,05,13,,,,,,,,,,,1.6,0.9,1.3,3*38
$GNGSA,A,3,14,21,22,26,,,,,,,,,1.6,0.9,1.3,4*3A
$GNGSA,A,3,,,,,,,,,,,,,1.6,0.9,1.3,5*39
$GPGSV,3,1,09,03,18,210,,04,80,276,50,07,22,284,30,08,17,171,23,1*6E
$GPGSV,3,2,09,09,45,309,36,16,71,059,43,26,38,052,38,27,36,137,37,1*63
$GPGSV,3,3,09,31,22,083,31,1*56
$GLGSV,2,1,05,70,43,170,40,71,65,305,40,73,65,290,45,74,22,247,33,1*74
$GLGSV,2,2,05,80,31,118,30,1*4C
$GAGSV,1,1,03,05,40,095,36,13,62,201,46,15,28,318,27,7*4E
$BDGSV,2,1,06,14,56,274,40,21,59,222,44,22,21,170,30,26,43,262,35,1*7B
$BDGSV,2,2,06,29,14,106,25,36,21,062,29,1*74
$GQGSV,1,1,00,1*65
$GNZDA,000312.03,15,08,2026,00,00*71
$GNGLL,5128.93831,N,00001.06843,W,000312.03,A,A*60
$GNRMC,000313.03,A,5128.93831,N,00001.06843,W,0.00,,150826,,,A,V*3A
$GNVTG,,,,,0.00,N,0.00,K,A*24
$GNGGA,000313.03,5128.93831,N,00001.06843,W,1,17,0.9,60.00,M,45.30,M,,*5F
$GNGSA,A,3,03,04,07,08,09,16,26,27,,,,,1.6,0.9,1.3,1*3A
$GNGSA,A,3,70,71,73,,,,,,,,,,1.6,0.9,1.3,2*3B
$GNGSA,A,3,05,13,,,,,,,,,,,1.6,0.9,1.3,3*38
$GNGSA,A,3,14,21,22,26,,,,,,,,,1.6,0.9,1.3,4*3A
$GNGSA,A,3,,,,,,,,,,,,,1.6,0.9,1.3,5*39
$GNZDA,000313.03,15,08,2026,00,00*70
$GNGLL,5128.93831,N,00001.06843,W,000313.03,A,A*61
$GNRMC,000314.03,A,5128.93831,N,00001.06843,W,0.00,,150826,,,A,V*3D
$GNVTG,,,,,0.00,N,0.00,K,A*24
$GNGGA,000314.03,5128.93831,N,00001.06843,W,1,18,1.0,60.00,M,45.30,M,,*5F
$GNGSA,A,3,03,04,07,08,09,16,26,27,31,,,,1.7,1.0,1.4,1*36
$GNGSA,A,3,70,71,73,,,,,,,,,,1.7,1.0,1.4,2*35
$GNGSA,A,3,05,13,,,,,,,,,,,1.7,1.0,1.4,3*36
$GNGSA,A,3,14,21,22,26,,,,,,,,,1.7,1.0,1.4,4*34
$GNGSA,A,3,,,,,,,,,,,,,1.7,1.0,1.4,5*37
$GPGSV,3,1,09,03,18,210,33,04,80,276,46,07,22,284,27,08,17,171,,1*6E
$GPGSV,3,2,09,09,45,309,34,16,71,059,41,26,38,052,35,27,36,137,33,1*6A
$GPGSV,3,3,09,31,22,083,31,1*56
$GLGSV,2,1,05,70,43,170,35,71,65,305,45,73,65,290,44,74,22,247,28,1*78
$GLGSV,2,2,05,80,31,118,32,1*4E
$GAGSV,1,1,03,05,40,095,31,13,62,201,42,15,28,318,33,7*48
$BDGSV,2,1,06,14,56,274,37,21,59,222,39,22,21,170,28,26,43,262,39,1*74
$BDGSV,2,2,06,29,14,106,25,36,21,062,29,1*74
$GQGSV,1,1,00,1*65
$GNZDA,000314.03,15,08,2026,00,00*77
$GNGLL,5128.93831,N,00001.06843,W,000314.03,A,A*66
$GNRMC,000315.00,A,5128.93831,N,00001.06843,W,,,150826,,,A,V*21
$GNVTG,,,,,0.00,N,0.00,K,A*24
$GNGGA,000315.00,5128.93831,N,00001.06843,W,1,16,1.0,60.00,M,45.30,M,,*53
$GNGSA,A,3,03,04,07,08,09,16,26,,,,,,1.7,1.0,1.4,1*31
$GNGSA,A,3,70,71,73,,,,,,,,,,1.7,1.0,1.4,2*35
$GNGSA,A,3,05,13,,,,,,,,,,,1.7,1.0,1.4,3*36
$GNGSA,A,3,14,21,22,26,,,,,,,,,1.7,1.0,1.4,4*34
$GNGSA,A,3,,,,,,,,,,,,,1.7,1.0,1.4,5*37
$GNZDA,000315.00,15,08,2026,00,00*75
$GNGLL,5128.93831,N,00001.06843,W,000315.00,A,A*64
$GNRMC,000316.03,A,5128.93831,N,00001.06843,W,0.00,,150826,,,A,V*3F
$GNVTG,,,,,0.00,N,0.00,K,A*24
$GNGGA,000316.03,5128.93831,N,00001.06843,W,1,17,0.9,60.00,M,45.30,M,,*5A
$GNGSA,A,3,03,04,07,08,09,16,26,27,,,,,1.6,0.9,1.3,1*3A
$GNGSA,A,3,70,71,73,,,,,,,,,,1.6,0.9,1.3,2*3B
$GNGSA,A,3,05,13,,,,,,,,,,,1.6,0.9,1.3,3*38
$GNGSA,A,3,14,21,22,26,,,,,,,,,1.6,0.9,1.3,4*3A
$GNGSA,A,3,,,,,,,,,,,,,1.6,0.9,1.3,5*39
$GPGSV,3,1,09,03,18,210,,04,80,276,46,07,22,284,26,08,17,171,23,1*6E
$GPGSV,3,2,09,09,45,309,36,16,71,059,46,26,38,052,31,27,36,137,37,1*6F
$GPGSV,3,3,09,31,22,083,28,1*5E
$GLGSV,2,1,05,70,43,170,38,71,65,305,47,73,65,290,46,74,22,247,28,1*75
$GLGSV,2,2,05,80,31,118,35,1*49
$GAGSV,1,1,03,05,40,095,38,13,62,201,48,15,28,318,35,7*4D
$BDGSV,2,1,06,14,56,274,46,21,59,222,42,22,21,170,29,26,43,262,33,1*75
$BDGSV,2,2,06,29,14,106,31,36,21,062,34,1*7D
$GQGSV,1,1,00,1*65
$GNZDA,000316.03,15,08,2026,00,00*75
$GNGLL,5128.93831,N,00001.06843,W,000316.03,A,A*64
$GNRMC,000317.03,A,5128.93831,N,00001.06843,W,0.00,,150826,,,A,V*3E
$GNVTG,,,,,0.00,N,0.00,K,A*24
$GNGGA,000317.03,5128.93831,N,00001.06843,W,1,18,1.0,60.00,M,45.30,M,,*5C
$GNGSA,A,3,03,04,07,08,09,16,26,27,31,,,,1.7,1.0,1.4,1*36
$GNGSA,A,3,70,71,73,,,,,,,,,,1.7,1.0,1.4,2*35
$GNGSA,A,3,05,13,,,,,,,,,,,1.7,1.0,1.4,3*36
$GNGSA,A,3,14,21,22,26,,,,,,,,,1.7,1.0,1.4,4*34
$GNGSA,A,3,,,,,,,,,,,,,1.7,1.0,1.4,5*37
$GNZDA,000317.03,15,08,2026,00,00*74
$GNGLL,5128.93831,N,00001.06843,W,000317.03,A,A*65
$GNRMC,000318.03,A,5128.93831,N,00001.06843,W,,,150826,,,A,V*2F
$GNVTG,,,,,0.00,N,0.00,K,A*24
$GNGGA,000318.03,5128.93831,N,00001.06843,W,1,16,0.9,60.00,M,45.30,M,,*55
$GNGSA,A,3,03,04,07,08,09,16,26,,,,,,1.6,0.9,1.3,1*3F
$GNGSA,A,3,70,71,73,,,,,,,,,,1.6,0.9,1.3,2*3B
$GNGSA,A,3,05,13,,,,,,,,,,,1.6,0.9,1.3,3*38
$GNGSA,A,3,14,21,22,26,,,,,,,,,1.6,0.9,1.3,4*3A
$GNGSA,A,3,,,,,,,,,,,,,1.6,0.9,1.3,5*39
$GPGSV,3,1,09,03,18,210,24,04,80,276,49,07,22,284,27,08,17,171,,1*67
$GPGSV,3,2,09,09,45,309,42,16,71,059,48,26,38,052,30,27,36,137,35,1*61
$GPGSV,3,3,09,31,22,083,30,1*57
$GLGSV,2,1,05,70,43,170,33,71,65,305,48,73,65,290,45,74,22,247,33,1*78
$GLGSV,2,2,05,80,31,118,35,1*49
$GAGSV,1,1,03,05,40,095,32,13,62,201,40,15,28,318,32,7*48
$BDGSV,2,1,06,14,56,274,40,21,59,222,38,22,21,170,29,26,43,262,36,1*7B
$BDGSV,2,2,06,29,14,106,,36,21,062,27,1*7D
$GQGSV,1,1,00,1*65
$GNZDA,000318.03,15,08,2026,00,00*7B
$GNGLL,5128.93831,N,00001.06843,W,000318.03,A,A*6A
$GNRMC,000319.03,A,5128.93831,N,00001.06843,W,0.00,,150826,,,A,V*30
$GNVTG,,,,,0.00,N,0.00,K,A*24
$GNGGA,000319.03,5128.93831,N,00001.06843,W,1,17,1.0,60.00,M,45.30,M,,*5D
$GNGSA,A,3,03,04,07,08,09,16,26,27,,,,,1.7,1.0,1.4,1*34
$GNGSA,A,3,70,71,73,,,,,,,,,,1.7,1.0,1.4,2*35
$GNGSA,A,3,05,13,,,,,,,,,,,1.7,1.0,1.4,3*36
$GNGSA,A,3,14,21,22,26,,,,,,,,,1.7,1.0,1.4,4*34
$GNGSA,A,3,,,,,,,,,,,,,1.7,1.0,1.4,5*37
$GNZDA,000319.03,15,08,2026,00,00*7A
$GNGLL,5128.93831,N,00001.06843,W,000319.03,A,A*6B
$GNRMC,000320.00,A,5128.93831,N,00001.06843,W,0.00,,150826,,,A,V*39
$GNVTG,,,,,0.00,N,0.00,K,A*24
$GNGGA,000320.00,5128.93831,N,00001.06843,W,2,18,1.0,60.00,M,45.30,M,,*58
$GNGSA,A,3,03,04,07,08,09,16,26,27,31,,,,1.7,1.0,1.4,1*36
$GNGSA,A,3,70,71,73,,,,,,,,,,1.7,1.0,1.4,2*35
$GNGSA,A,3,05,13,,,,,,,,,,,1.7,1.0,1.4,3*36
$GNGSA,A,3,14,21,22,26,,,,,,,,,1.7,1.0,1.4,4*34
$GNGSA,A,3,,,,,,,,,,,,,1.7,1.0,1.4,5*37
$GPGSV,3,1,09,03,18,210,27,04,80,276,50,07,22,284,27,08,17,171,23,1*6D
$GPGSV,3,2,09,09,45,309,41,16,71,059,49,26,38,052,33,27,36,137,32,1*67
$GPGSV,3,3,09,31,22,083,24,1*52
$GLGSV,2,1,05,70,43,170,38,71,65,305,45,73,65,290,39,74,22,247,25,1*72
$GLGSV,2,2,05,80,31,118,36,1*4A
$GAGSV,1,1,03,05,40,095,31,13,62,201,45,15,28,318,26,7*4B
$BDGSV,2,1,06,14,56,274,41,21,59,222,46,22,21,170,30,26,43,262,35,1*78
$BDGSV,2,2,06,29,14,106,,36,21,062,28,1*72
$GQGSV,1,1,00,1*65
$GNZDA,000320.00,15,08,2026,00,00*73
$GNGLL,5128.93831,N,00001.06843,W,000320.00,A,A*62
$GNRMC,000321.03,A,5128.93850,N,00001.06870,W,0.90,318.33,150826,,,A,V*21
$GNVTG,318.33,T,,M,0.90,N,1.67,K,A*20
$GNGGA,000321.03,5128.93850,N,00001.06870,W,2,16,1.1,59.76,M,45.30,M,,*59
$GNGSA,A,3,03,04,07,08,09,16,26,,,,,,1.8,1.1,1.5,1*3E
$GNGSA,A,3,70,71,73,,,,,,,,,,1.8,1.1,1.5,2*3A
$GNGSA,A,3,05,13,,,,,,,,,,,1.8,1.1,1.5,3*39
$GNGSA,A,3,14,21,22,26,,,,,,,,,1.8,1.1,1.5,4*3B
$GNGSA,A,3,,,,,,,,,,,,,1.8,1.1,1.5,5*38
$GNZDA,000321.03,15,08,2026,00,00*71
$GNGLL,5128.93850,N,00001.06870,W,000321.03,A,A*67
$GNRMC,000322.03,A,5128.93887,N,00001.06923,W,1.80,318.62,150826,,,A,V*2B
$GNVTG,318.62,T,,M,1.80,N,3.33,K,A*27
$GNGGA,000322.03,5128.93887,N,00001.06923,W,2,17,1.1,59.52,M,45.30,M,,*50
$GNGSA,A,3,03,04,07,08,09,16,26,27,,,,,1.8,1.1,1.5,1*3B
$GNGSA,A,3,70,71,73,,,,,,,,,,1.8,1.1,1.5,2*3A
$GNGSA,A,3,05,13,,,,,,,,,,,1.8,1.1,1.5,3*39
$GNGSA,A,3,14,21,22,26,,,,,,,,,1.8,1.1,1.5,4*3B
$GNGSA,A,3,,,,,,,,,,,,,1.8,1.1,1.5,5*38
$GPGSV,3,1,09,03,18,210,,04,80,276,45,07,22,284,32,08,17,171,,1*69
$GPGSV,3,2,09,09,45,309,42,16,71,059,46,26,38,052,32,27,36,137,36,1*6E
$GPGSV,3,3,09,31,22,083,28,1*5E
$GLGSV,2,1,05,70,43,170,32,71,65,305,46,73,65,290,47,74,22,247,29,1*7E
$GLGSV,2,2,05,80,31,118,30,1*4C
$GAGSV,1,1,03,05,40,095,33,13,62,201,45,15,28,318,33,7*4D
$BDGSV,2,1,06,14,56,274,41,21,59,222,40,22,21,170,31,26,43,262,37,1*7D
$BDGSV,2,2,06,29,14,106,28,36,21,062,32,1*73
$GQGSV,1,1,00,1*65
$GNZDA,000322.03,15,08,2026,00,00*72
$GNGLL,5128.93887,N,00001.06923,W,000322.03,A,A*69
$GNRMC,000323.03,A,5128.93943,N,00001.07003,W,2.70,318.44,150826,,,A,V*21
$GNVTG,318.44,T,,M,2.70,N,5.00,K,A*29
$GNGGA,000323.03,5128.93943,N,00001.07003,W,2,18,1.1,59.13,M,45.30,M,,*58
$GNGSA,A,3,03,04,07,08,09,16,26,27,31,,,,1.8,1.1,1.5,1*39
$GNGSA,A,3,70,71,73,,,,,,,,,,1.8,1.1,1.5,2*3A
$GNGSA,A,3,05,13,,,,,,,,,,,1.8,1.1,1.5,3*39
$GNGSA,A,3,14,21,22,26,,,,,,,,,1.8,1.1,1.5,4*3B
$GNGSA,A,3,,,,,,,,,,,,,1.8,1.1,1.5,5*38
$GNZDA,000323.03,15,08,2026,00,00*73
$GNGLL,5128.93943,N,00001.07003,W,000323.03,A,A*6B
$GNRMC,000324.03,A,5128.94018,N,00001.07109,W,3.60,318.24,150826,,,A,V*2B
$GNVTG,318.24,T,,M,3.60,N,6.67,K,A*2D
$GNGGA,000324.03,5128.94018,N,00001.07109,W,2,16,1.0,58.63,M,45.30,M,,*5D
$GNGSA,A,3,03,04,07,08,09,16,26,,,,,,1.7,1.0,1.4,1*31
$GNGSA,A,3,70,71,73,,,,,,,,,,1.7,1.0,1.4,2*35
$GNGSA,A,3,05,13,,,,,,,,,,,1.7,1.0,1.4,3*36
$GNGSA,A,3,14,21,22,26,,,,,,,,,1.7,1.0,1.4,4*34
$GNGSA,A,3,,,,,,,,,,,,,1.7,1.0,1.4,5*37
$GPGSV,3,1,09,03,18,210,32,04,80,276,50,07,22,284,29,08,17,171,,1*66
$GPGSV,3,2,09,09,45,309,33,16,71,059,44,26,38,052,32,27,36,137,29,1*64
$GPGSV,3,3,09,31,22,083,28,1*5E
$GLGSV,2,1,05,70,43,170,40,71,65,305,43,73,65,290,43,74,22,247,25,1*76
$GLGSV,2,2,05,80,31,118,31,1*4D
$GAGSV,1,1,03,05,40,095,34,13,62,201,39,15,28,318,34,7*46
$BDGSV,2,1,06,14,56,274,37,21,59,222,43,22,21,170,33,26,43,262,39,1*73
$BDGSV,2,2,06,29,14,106,30,36,21,062,33,1*7B
$GQGSV,1,1,00,1*65
$GNZDA,000324.03,15,08,2026,00,00*74
$GNGLL,5128.94018,N,00001.07109,W,000324.03,A,A*67
$GNRMC,000325.00,A,5128.94111,N,00001.07242,W,4.50,318.43,150826,,,A,V*28
$GNVTG,318.43,T,,M,4.50,N,8.33,K,A*27
$GNGGA,000325.00,5128.94111,N,00001.07242,W,2,17,1.1,58.36,M,45.30,M,,*5B
$GNGSA,A,3,03,04,07,08,09,16,26,27,,,,,1.8,1.1,1.5,1*3B
$GNGSA,A,3,70,71,73,,,,,,,,,,1.8,1.1,1.5,2*3A
$GNGSA,A,3,05,13,,,,,,,,,,,1.8,1.1,1.5,3*39
$GNGSA,A,3,14,21,22,26,,,,,,,,,1.8,1.1,1.5,4*3B
$GNGSA,A,3,,,,,,,,,,,,,1.8,1.1,1.5,5*38
$GNZDA,000325.00,15,08,2026,00,00*76
$GNGLL,5128.94111,N,00001.07242,W,000325.00,A,A*61
$GNRMC,000326.03,A,5128.94223,N,00001.07402,W,5.40,318.37,150826,,,A,V*2B
$GNVTG,318.37,T,,M,5.40,N,10.00,K,A*1D
$GNGGA,000326.03,5128.94223,N,00001.07402,W,2,18,1.0,58.10,M,45.30,M,,*51
$GNGSA,A,3,03,04,07,08,09,16,26,27,31,,,,1.7,1.0,1.4,1*36
$GNGSA,A,3,70,71,73,,,,,,,,,,1.7,1.0,1.4,2*35
$GNGSA,A,3,05,13,,,,,,,,,,,1.7,1.0,1.4,3*36
$GNGSA,A,3,14,21,22,26,,,,,,,,,1.7,1.0,1.4,4*34
$GNGSA,A,3,,,,,,,,,,,,,1.7,1.0,1.4,5*37
$GPGSV,3,1,09,03,18,210,31,04,80,276,45,07,22,284,33,08,17,171,,1*6A
$GPGSV,3,2,09,09,45,309,37,16,71,059,44,26,38,052,30,27,36,137,33,1*69
$GPGSV,3,3,09,31,22,083,32,1*55
$GLGSV,2,1,05,70,43,170,36,71,65,305,43,73,65,290,42,74,22,247,26,1*75
$GLGSV,2,2,05,80,31,118,30,1*4C
$GAGSV,1,1,03,05,40,095,36,13,62,201,43,15,28,318,27,7*4B
$BDGSV,2,1,06,14,56,274,44,21,59,222,41,22,21,170,24,26,43,262,33,1*79
$BDGSV,2,2,06,29,14,106,,36,21,062,26,1*7C
$GQGSV,1,1,00,1*65
$GNZDA,000326.03,15,08,2026,00,00*76
$GNGLL,5128.94223,N,00001.07402,W,000326.03,A,A*61
$GNRMC,000327.03,A,5128.94354,N,00001.07588,W,6.30,318.59,150826,,,A,V*24
$GNVTG,318.59,T,,M,6.30,N,11.67,K,A*11
$GNGGA,000327.03,5128.94354,N,00001.07588,W,2,16,1.0,57.70,M,45.30,M,,*55
$GNGSA,A,3,03,04,07,08,09,16,26,,,,,,1.7,1.0,1.4,1*31
$GNGSA,A,3,70,71,73,,,,,,,,,,1.7,1.0,1.4,2*35
$GNGSA,A,3,05,13,,,,,,,,,,,1.7,1.0,1.4,3*36
$GNGSA,A,3,14,21,22,26,,,,,,,,,1.7,1.0,1.4,4*34
$GNGSA,A,3,,,,,,,,,,,,,1.7,1.0,1.4,5*37
$GNZDA,000327.03,15,08,2026,00,00*77
$GNGLL,5128.94354,N,00001.07588,W,000327.03,A,A*62
$GNRMC,000328.03,A,5128.94505,N,00001.07798,W,7.20,318.93,150826,,,A,V*2C
$GNVTG,318.93,T,,M,7.20,N,13.33,K,A*14
$GNGGA,000328.03,5128.94505,N,00001.07798,W,2,17,1.0,57.52,M,45.30,M,,*5A
$GNGSA,A,3,03,04,07,08,09,16,26,27,,,,,1.7,1.0,1.4,1*34
$GNGSA,A,3,70,71,73,,,,,,,,,,1.7,1.0,1.4,2*35
$GNGSA,A,3,05,13,,,,,,,,,,,1.7,1.0,1.4,3*36
$GNGSA,A,3,14,21,22,26,,,,,,,,,1.7,1.0,1.4,4*34
$GNGSA,A,3,,,,,,,,,,,,,1.7,1.0,1.4,5*37
$GPGSV,3,1,09,03,18,210,26,04,80,276,47,07,22,284,32,08,17,171,,1*6F
$GPGSV,3,2,09,09,45,309,39,16,71,059,45,26,38,052,39,27,36,137,32,1*6E
$GPGSV,3,3,09,31,22,083,26,1*50
$GLGSV,2,1,05,70,43,170,38,71,65,305,40,73,65,290,47,74,22,247,31,1*7B
$GLGSV,2,2,05,80,31,118,32,1*4E
$GAGSV,1,1,03,05,40,095,39,13,62,201,40,15,28,318,29,7*49
$BDGSV,2,1,06,14,56,274,41,21,59,222,43,22,21,170,28,26,43,262,34,1*75
$BDGSV,2,2,06,29,14,106,,36,21,062,31,1*7A
$GQGSV,1,1,00,1*65
$GNZDA,000328.03,15,08,2026,00,00*78
$GNGLL,5128.94505,N,00001.07798,W,000328.03,A,A*6C
$GNRMC,000329.03,A,5128.94675,N,00001.08033,W,8.10,319.28,150826,,,A,V*2D
$GNVTG,319.28,T,,M,8.10,N,15.00,K,A*1F
$GNGGA,000329.03,5128.94675,N,00001.08033,W,2,18,1.1,57.26,M,45.30,M,,*5B
$GNGSA,A,3,03,04,07,08,09,16,26,27,31,,,,1.8,1.1,1.5,1*39
$GNGSA,A,3,70,71,73,,,,,,,,,,1.8,1.1,1.5,2*3A
$GNGSA,A,3,05,13,,,,,,,,,,,1.8,1.1,1.5,3*39
$GNGSA,A,3,14,21,22,26,,,,,,,,,1.8,1.1,1.5,4*3B
$GNGSA,A,3,,,,,,,,,,,,,1.8,1.1,1.5,5*38
$GNZDA,000329.03,15,08,2026,00,00*79
$GNGLL,5128.94675,N,00001.08033,W,000329.03,A,A*60
$GNRMC,000330.00,A,5128.94864,N,00001.08295,W,9.00,319.27,150826,,,A,V*29
$GNVTG,319.27,T,,M,9.00,N,16.67,K,A*12
$GNGGA,000330.00,5128.94864,N,00001.08295,W,2,16,1.1,57.02,M,45.30,M,,*58
$GNGSA,A,3,03,04,07,08,09,16,26,,,,,,1.8,1.1,1.5,1*3E
$GNGSA,A,3,70,71,73,,,,,,,,,,1.8,1.1,1.5,2*3A
$GNGSA,A,3,05,13,,,,,,,,,,,1.8,1.1,1.5,3*39
$GNGSA,A,3,14,21,22,26,,,,,,,,,1.8,1.1,1.5,4*3B
$GNGSA,A,3,,,,,,,,,,,,,1.8,1.1,1.5,5*38
$GPGSV,3,1,09,03,18,210,,04,80,276,50,07,22,284,31,08,17,171,,1*6E
$GPGSV,3,2,09,09,45,309,33,16,71,059,43,26,38,052,36,27,36,137,33,1*6C
$GPGSV,3,3,09,31,22,083,30,1*57
$GLGSV,2,1,05,70,43,170,41,71,65,305,44,73,65,290,46,74,22,247,25,1*75
$GLGSV,2,2,05,80,31,118,34,1*48
$GAGSV,1,1,03,05,40,095,39,13,62,201,48,15,28,318,36,7*4F
$BDGSV,2,1,06,14,56,274,44,21,59,222,44,22,21,170,30,26,43,262,37,1*7D
$BDGSV,2,2,06,29,14,106,25,36,21,062,33,1*7F
$GQGSV,1,1,00,1*65
$GNZDA,000330.00,15,08,2026,00,00*72
$GNGLL,5128.94864,N,00001.08295,W,000330.00,A,A*6B
$GPTXT,01,01,02,ANTENNA OK*36
$GNRMC,000331.03,A,5128.95071,N,00001.08584,W,9.90,319.10,150826,,,A,V*2C
$GNVTG,319.10,T,,M,9.90,N,18.33,K,A*10
$GNGGA,000331.03,5128.95071,N,00001.08584,W,2,17,1.2,56.51,M,45.30,M,,*55
$GNGSA,A,3,03,04,07,08,09,16,26,27,,,,,1.9,1.2,1.6,1*3A
$GNGSA,A,3,70,71,73,,,,,,,,,,1.9,1.2,1.6,2*3B
$GNGSA,A,3,05,13,,,,,,,,,,,1.9,1.2,1.6,3*38
$GNGSA,A,3,14,21,22,26,,,,,,,,,1.9,1.2,1.6,4*3A
$GNGSA,A,3,,,,,,,,,,,,,1.9,1.2,1.6,5*39
$GNZDA,000331.03,15,08,2026,00,00*70
$GNGLL,5128.95071,N,00001.08584,W,000331.03,A,A*63
$GNRMC,000332.03,A,5128.95299,N,00001.08896,W,10.80,319.40,150826,,,A,V*19
$GNVTG,319.40,T,,M,10.80,N,20.00,K,A*27
$GNGGA,000332.03,5128.95299,N,00001.08896,W,2,18,1.1,56.29,M,45.30,M,,*5F
$GNGSA,A,3,03,04,07,08,09,16,26,27,31,,,,1.8,1.1,1.5,1*39
$GNGSA,A,3,70,71,73,,,,,,,,,,1.8,1.1,1.5,2*3A
$GNGSA,A,3,05,13,,,,,,,,,,,1.8,1.1,1.5,3*39
$GNGSA,A,3,14,21,22,26,,,,,,,,,1.8,1.1,1.5,4*3B
$GNGSA,A,3,,,,,,,,,,,,,1.8,1.1,1.5,5*38
$GPGSV,3,1,09,03,18,210,,04,80,276,49,07,22,284,27,08,17,171,,1*61
$GPGSV,3,2,09,09,45,309,34,16,71,059,46,26,38,052,36,27,36,137,36,1*6B
$GPGSV,3,3,09,31,22,083,33,1*54
$GLGSV,2,1,05,70,43,170,39,71,65,305,43,73,65,290,41,74,22,247,29,1*76
$GLGSV,2,2,05,80,31,118,31,1*4D
$GAGSV,1,1,03,05,40,095,35,13,62,201,42,15,28,318,35,7*4A
$BDGSV,2,1,06,14,56,274,45,21,59,222,42,22,21,170,27,26,43,262,37,1*7C
$BDGSV,2,2,06,29,14,106,31,36,21,062,24,1*7C
$GQGSV,1,1,00,1*65
$GNZDA,000332.03,15,08,2026,00,00*73
$GNGLL,5128.95299,N,00001.08896,W,000332.03,A,A*6A
$GNRMC,000333.03,A,5128.95546,N,00001.09234,W,11.70,319.66,150826,,,A,V*14
$GNVTG,319.66,T,,M,11.70,N,21.67,K,A*2D
$GNGGA,000333.03,5128.95546,N,00001.09234,W,2,16,1.2,55.87,M,45.30,M,,*52
$GNGSA,A,3,03,04,07,08,09,16,26,,,,,,1.9,1.2,1.6,1*3F
$GNGSA,A,3,70,71,73,,,,,,,,,,1.9,1.2,1.6,2*3B
$GNGSA,A,3,05,13,,,,,,,,,,,1.9,1.2,1.6,3*38
$GNGSA,A,3,14,21,22,26,,,,,,,,,1.9,1.2,1.6,4*3A
$GNGSA,A,3,,,,,,,,,,,,,1.9,1.2,1.6,5*39
$GNZDA,000333.03,15,08,2026,00,00*72
$GNGLL,5128.95546,N,00001.09234,W,000333.03,A,A*6D
$GNRMC,000334.03,A,5128.95813,N,00001.09595,W,12.60,319.97,150826,,,A,V*1E
$GNVTG,319.97,T,,M,12.60,N,23.34,K,A*25
$GNGGA,000334.03,5128.95813,N,00001.09595,W,2,17,1.2,55.68,M,45.30,M,,*54
$GNGSA,A,3,03,04,07,08,09,16,26,27,,,,,1.9,1.2,1.6,1*3A
$GNGSA,A,3,70,71,73,,,,,,,,,,1.9,1.2,1.6,2*3B
$GNGSA,A,3,05,13,,,,,,,,,,,1.9,1.2,1.6,3*38
$GNGSA,A,3,14,21,22,26,,,,,,,,,1.9,1.2,1.6,4*3A
$GNGSA,A,3,,,,,,,,,,,,,1.9,1.2,1.6,5*39
$GPGSV,3,1,09,03,18,210,24,04,80,276,45,07,22,284,32,08,17,171,26,1*6B
$GPGSV,3,2,09,09,45,309,35,16,71,059,50,26,38,052,35,27,36,137,33,1*6B
$GPGSV,3,3,09,31,22,083,29,1*5F
$GLGSV,2,1,05,70,43,170,40,71,65,305,48,73,65,290,47,74,22,247,31,1*7C
$GLGSV,2,2,05,80,31,118,31,1*4D
$GAGSV,1,1,03,05,40,095,38,13,62,201,42,15,28,318,34,7*46
$BDGSV,2,1,06,14,56,274,39,21,59,222,44,22,21,170,28,26,43,262,34,1*7D
$BDGSV,2,2,06,29,14,106,24,36,21,062,26,1*7A
$GQGSV,1,1,00,1*65
$GNZDA,000334.03,15,08,2026,00,00*75
$GNGLL,5128.95813,N,00001.09595,W,000334.03,A,A*6B
$GNRMC,000335.00,A,5128.96100,N,00001.09981,W,13.50,320.01,150826,,,A,V*1A
$GNVTG,320.01,T,,M,13.50,N,25.00,K,A*23
$GNGGA,000335.00,5128.96100,N,00001.09981,W,2,18,1.2,55.23,M,45.30,M,,*57
$GNGSA,A,3,03,04,07,08,09,16,26,27,31,,,,1.9,1.2,1.6,1*38
$GNGSA,A,3,70,71,73,,,,,,,,,,1.9,1.2,1.6,2*3B
$GNGSA,A,3,05,13,,,,,,,,,,,1.9,1.2,1.6,3*38
$GNGSA,A,3,14,21,22,26,,,,,,,,,1.9,1.2,1.6,4*3A
$GNGSA,A,3,,,,,,,,,,,,,1.9,1.2,1.6,5*39
$GNZDA,000335.00,15,08,2026,00,00*77
$GNGLL,5128.96100,N,00001.09981,W,000335.00,A,A*68
$GNRMC,000336.03,A,5128.96407,N,00001.10390,W,14.40,320.30,150826,,,A,V*1E
$GNVTG,320.30,T,,M,14.40,N,26.67,K,A*25
$GNGGA,000336.03,5128.96407,N,00001.10390,W,2,16,1.2,54.86,M,45.30,M,,*57
$GNGSA,A,3,03,04,07,08,09,16,26,,,,,,1.9,1.2,1.6,1*3F
$GNGSA,A,3,70,71,73,,,,,,,,,,1.9,1.2,1.6,2*3B
$GNGSA,A,3,05,13,,,,,,,,,,,1.9,1.2,1.6,3*38
$GNGSA,A,3,14,21,22,26,,,,,,,,,1.9,1.2,1.6,4*3A
$GNGSA,A,3,,,,,,,,,,,,,1.9,1.2,1.6,5*39
$GPGSV,3,1,09,03,18,210,,04,80,276,50,07,22,284,32,08,17,171,28,1*67
$GPGSV,3,2,09,09,45,309,39,16,71,059,45,26,38,052,30,27,36,137,38,1*6D
$GPGSV,3,3,09,31,22,083,26,1*50
$GLGSV,2,1,05,70,43,170,36,71,65,305,41,73,65,290,40,74,22,247,33,1*71
$GLGSV,2,2,05,80,31,118,30,1*4C
$GAGSV,1,1,03,05,40,095,33,13,62,201,39,15,28,318,27,7*43
$BDGSV,2,1,06,14,56,274,45,21,59,222,40,22,21,170,29,26,43,262,35,1*72
$BDGSV,2,2,06,29,14,106,26,36,21,062,25,1*7B
$GQGSV,1,1,00,1*65
$GNZDA,000336.03,15,08,2026,00,00*77
$GNGLL,5128.96407,N,00001.10390,W,000336.03,A,A*68
$GNRMC,000337.03,A,5128.96735,N,00001.10823,W,15.30,320.61,150826,,,A,V*1C
$GNVTG,320.61,T,,M,15.30,N,28.34,K,A*2F
$GNGGA,000337.03,5128.96735,N,00001.10823,W,2,17,1.1,54.36,M,45.30,M,,*5E
$GNGSA,A,3,03,04,07,08,09,16,26,27,,,,,1.8,1.1,1.5,1*3B
$GNGSA,A,3,70,71,73,,,,,,,,,,1.8,1.1,1.5,2*3A
$GNGSA,A,3,05,13,,,,,,,,,,,1.8,1.1,1.5,3*39
$GNGSA,A,3,14,21,22,26,,,,,,,,,1.8,1.1,1.5,4*3B
$GNGSA,A,3,,,,,,,,,,,,,1.8,1.1,1.5,5*38
$GNZDA,000337.03,15,08,2026,00,00*76
$GNGLL,5128.96735,N,00001.10823,W,000337.03,A,A*68
$GNRMC,000338.03,A,5128.97084,N,00001.11278,W,16.20,320.86,150826,,,A,V*11
$GNVTG,320.86,T,,M,16.20,N,30.00,K,A*2A
$GNGGA,000338.03,5128.97084,N,00001.11278,W,2,18,1.1,54.18,M,45.30,M,,*5B
$GNGSA,A,3,03,04,07,08,09,16,26,27,31,,,,1.8,1.1,1.5,1*39
$GNGSA,A,3,70,71,73,,,,,,,,,,1.8,1.1,1.5,2*3A
$GNGSA,A,3,05,13,,,,,,,,,,,1.8,1.1,1.5,3*39
$GNGSA,A,3,14,21,22,26,,,,,,,,,1.8,1.1,1.5,4*3B
$GNGSA,A,3,,,,,,,,,,,,,1.8,1.1,1.5,5*38
$GPGSV,3,1,09,03,18,210,,04,80,276,48,07,22,284,25,08,17,171,,1*62
$GPGSV,3,2,09,09,45,309,33,16,71,059,46,26,38,052,34,27,36,137,34,1*6C
$GPGSV,3,3,09,31,22,083,28,1*5E
$GLGSV,2,1,05,70,43,170,36,71,65,305,42,73,65,290,45,74,22,247,28,1*7D
$GLGSV,2,2,05,80,31,118,29,1*44
$GAGSV,1,1,03,05,40,095,38,13,62,201,39,15,28,318,33,7*4D
$BDGSV,2,1,06,14,56,274,39,21,59,222,46,22,21,170,29,26,43,262,37,1*7D
$BDGSV,2,2,06,29,14,106,24,36,21,062,29,1*75
$GQGSV,1,1,00,1*65
$GNZDA,000338.03,15,08,2026,00,00*79
$GNGLL,5128.97084,N,00001.11278,W,000338.03,A,A*6E
$GNRMC,000339.03,A,5128.97453,N,00001.11756,W,17.10,321.07,150826,,,A,V*1D
$GNVTG,321.07,T,,M,17.10,N,31.67,K,A*20
$GNGGA,000339.03,5128.97453,N,00001.11756,W,2,16,1.1,53.86,M,45.30,M,,*53
$GNGSA,A,3,03,04,07,08,09,16,26,,,,,,1.8,1.1,1.5,1*3E
$GNGSA,A,3,70,71,73,,,,,,,,,,1.8,1.1,1.5,2*3A
$GNGSA,A,3,05,13,,,,,,,,,,,1.8,1.1,1.5,3*39
$GNGSA,A,3,14,21,22,26,,,,,,,,,1.8,1.1,1.5,4*3B
$GNGSA,A,3,,,,,,,,,,,,,1.8,1.1,1.5,5*38
$GNZDA,000339.03,15,08,2026,00,00*78
$GNGLL,5128.97453,N,00001.11756,W,000339.03,A,A*68
$GNRMC,000340.00,A,5128.97841,N,00001.12259,W,18.00,321.18,150826,,,A,V*16
$GNVTG,321.18,T,,M,18.00,N,33.34,K,A*24
$GNGGA,000340.00,5128.97841,N,00001.12259,W,2,17,1.2,53.38,M,45.30,M,,*5F
$GNGSA,A,3,03,04,07,08,09,16,26,27,,,,,1.9,1.2,1.6,1*3A
$GNGSA,A,3,70,71,73,,,,,,,,,,1.9,1.2,1.6,2*3B
$GNGSA,A,3,05,13,,,,,,,,,,,1.9,1.2,1.6,3*38
$GNGSA,A,3,14,21,22,26,,,,,,,,,1.9,1.2,1.6,4*3A
$GNGSA,A,3,,,,,,,,,,,,,1.9,1.2,1.6,5*39
$GPGSV,3,1,09,03,18,210,,04,80,276,47,07,22,284,28,08,17,171,,1*60
$GPGSV,3,2,09,09,45,309,40,16,71,059,43,26,38,052,39,27,36,137,36,1*62
$GPGSV,3,3,09,31,22,083,30,1*57
$GLGSV,2,1,05,70,43,170,32,71,65,305,45,73,65,290,45,74,22,247,33,1*74
$GLGSV,2,2,05,80,31,118,32,1*4E
$GAGSV,1,1,03,05,40,095,32,13,62,201,39,15,28,318,33,7*47
$BDGSV,2,1,06,14,56,274,36,21,59,222,38,22,21,170,30,26,43,262,32,1*76
$BDGSV,2,2,06,29,14,106,,36,21,062,27,1*7D
$GQGSV,1,1,00,1*65
$GNZDA,000340.00,15,08,2026,00,00*75
$GNGLL,5128.97841,N,00001.12259,W,000340.00,A,A*63
$GNRMC,000341.03,A,5128.98251,N,00001.12784,W,18.90,321.36,150826,,,A,V*10
$GNVTG,321.36,T,,M,18.90,N,35.00,K,A*20
$GNGGA,000341.03,5128.98251,N,00001.12784,W,2,18,1.2,53.07,M,45.30,M,,*5F
$GNGSA,A,3,03,04,07,08,09,16,26,27,31,,,,1.9,1.2,1.6,1*38
$GNGSA,A,3,70,71,73,,,,,,,,,,1.9,1.2,1.6,2*3B
$GNGSA,A,3,05,13,,,,,,,,,,,1.9,1.2,1.6,3*38
$GNGSA,A,3,14,21,22,26,,,,,,,,,1.9,1.2,1.6,4*3A
$GNGSA,A,3,,,,,,,,,,,,,1.9,1.2,1.6,5*39
$GNZDA,000341.03,15,08,2026,00,00*77
$GNGLL,5128.98251,N,00001.12784,W,000341.03,A,A*60
$GNRMC,000342.03,A,5128.98681,N,00001.13333,W,19.80,321.53,150826,,,A,V*10
$GNVTG,321.53,T,,M,19.80,N,36.67,K,A*21
$GNGGA,000342.03,5128.98681,N,00001.13333,W,2,16,1.3,52.75,M,45.30,M,,*57
$GNGSA,A,3,03,04,07,08,09,16,26,,,,,,2.0,1.3,1.7,1*35
$GNGSA,A,3,70,71,73,,,,,,,,,,2.0,1.3,1.7,2*31
$GNGSA,A,3,05,13,,,,,,,,,,,2.0,1.3,1.7,3*32
$GNGSA,A,3,14,21,22,26,,,,,,,,,2.0,1.3,1.7,4*30
$GNGSA,A,3,,,,,,,,,,,,,2.0,1.3,1.7,5*33
$GPGSV,3,1,09,03,18,210,27,04,80,276,47,07,22,284,27,08,17,171,,1*6A
$GPGSV,3,2,09,09,45,309,40,16,71,059,48,26,38,052,34,27,36,137,31,1*63
$GPGSV,3,3,09,31,22,083,26,1*50
$GLGSV,2,1,05,70,43,170,38,71,65,305,49,73,65,290,40,74,22,247,32,1*76
$GLGSV,2,2,05,80,31,118,28,1*45
$GAGSV,1,1,03,05,40,095,39,13,62,201,43,15,28,318,33,7*41
$BDGSV,2,1,06,14,56,274,38,21,59,222,40,22,21,170,26,26,43,262,40,1*75
$BDGSV,2,2,06,29,14,106,31,36,21,062,31,1*78
$GQGSV,1,1,00,1*65
$GNZDA,000342.03,15,08,2026,00,00*74
$GNGLL,5128.98681,N,00001.13333,W,000342.03,A,A*63
$GNRMC,000343.03,A,5128.99128,N,00001.13909,W,20.70,321.30,150826,,,A,V*17
$GNVTG,321.30,T,,M,20.70,N,38.34,K,A*29
$GNGGA,000343.03,5128.99128,N,00001.13909,W,2,17,1.2,52.68,M,45.30,M,,*5C
$GNGSA,A,3,03,04,07,08,09,16,26,27,,,,,1.9,1.2,1.6,1*3A
$GNGSA,A,3,70,71,73,,,,,,,,,,1.9,1.2,1.6,2*3B
$GNGSA,A,3,05,13,,,,,,,,,,,1.9,1.2,1.6,3*38
$GNGSA,A,3,14,21,22,26,,,,,,,,,1.9,1.2,1.6,4*3A
$GNGSA,A,3,,,,,,,,,,,,,1.9,1.2,1.6,5*39
$GNZDA,000343.03,15,08,2026,00,00*75
$GNGLL,5128.99128,N,00001.13909,W,000343.03,A,A*64
$GNRMC,000344.03,A,5128.99598,N,00001.14507,W,21.60,321.59,150826,,,A,V*15
$GNVTG,321.59,T,,M,21.60,N,40.00,K,A*2E
$GNGGA,000344.03,5128.99598,N,00001.14507,W,2,18,1.2,52.47,M,45.30,M,,*53
$GNGSA,A,3,03,04,07,08,09,16,26,27,31,,,,1.9,1.2,1.6,1*38
$GNGSA,A,3,70,71,73,,,,,,,,,,1.9,1.2,1.6,2*3B
$GNGSA,A,3,05,13,,,,,,,,,,,1.9,1.2,1.6,3*38
$GNGSA,A,3,14,21,22,26,,,,,,,,,1.9,1.2,1.6,4*3A
$GNGSA,A,3,,,,,,,,,,,,,1.9,1.2,1.6,5*39
$GPGSV,3,1,09,03,18,210,32,04,80,276,50,07,22,284,34,08,17,171,28,1*60
$GPGSV,3,2,09,09,45,309,38,16,71,059,46,26,38,052,33,27,36,137,35,1*61
$GPGSV,3,3,09,31,22,083,33,1*54
$GLGSV,2,1,05,70,43,170,41,71,65,305,46,73,65,290,42,74,22,247,33,1*74
$GLGSV,2,2,05,80,31,118,32,1*4E
$GAGSV,1,1,03,05,40,095,37,13,62,201,40,15,28,318,28,7*46
$BDGSV,2,1,06,14,56,274,41,21,59,222,39,22,21,170,27,26,43,262,37,1*74
$BDGSV,2,2,06,29,14,106,,36,21,062,32,1*79
$GQGSV,1,1,00,1*65
$GNZDA,000344.03,15,08,2026,00,00*72
$GNGLL,5128.99598,N,00001.14507,W,000344.03,A,A*69
$GNRMC,000345.00,A,5129.00089,N,00001.15125,W,22.50,321.88,150826,,,A,V*1A
$GNVTG,321.88,T,,M,22.50,N,41.67,K,A*22
$GNGGA,000345.00,5129.00089,N,00001.15125,W,2,16,1.3,52.35,M,45.30,M,,*5A
$GNGSA,A,3,03,04,07,08,09,16,26,,,,,,2.0,1.3,1.7,1*35
$GNGSA,A,3,70,71,73,,,,,,,,,,2.0,1.3,1.7,2*31
$GNGSA,A,3,05,13,,,,,,,,,,,2.0,1.3,1.7,3*32
$GNGSA,A,3,14,21,22,26,,,,,,,,,2.0,1.3,1.7,4*30
$GNGSA,A,3,,,,,,,,,,,,,2.0,1.3,1.7,5*33
$GNZDA,000345.00,15,08,2026,00,00*70
$GNGLL,5129.00089,N,00001.15125,W,000345.00,A,A*6A
$GNRMC,000346.03,A,5129.00601,N,00001.15764,W,23.40,322.17,150826,,,A,V*1A
$GNVTG,322.17,T,,M,23.40,N,43.34,K,A*23
$GNGGA,000346.03,5129.00601,N,00001.15764,W,2,17,1.2,52.23,M,45.30,M,,*58
$GNGSA,A,3,03,04,07,08,09,16,26,27,,,,,1.9,1.2,1.6,1*3A
$GNGSA,A,3,70,71,73,,,,,,,,,,1.9,1.2,1.6,2*3B
$GNGSA,A,3,05,13,,,,,,,,,,,1.9,1.2,1.6,3*38
$GNGSA,A,3,14,21,22,26,,,,,,,,,1.9,1.2,1.6,4*3A
$GNGSA,A,3,,,,,,,,,,,,,1.9,1.2,1.6,5*39
$GPGSV,3,1,09,03,18,210,,04,80,276,46,07,22,284,34,08,17,171,32,1*6D
$GPGSV,3,2,09,09,45,309,35,16,71,059,43,26,38,052,31,27,36,137,37,1*69
$GPGSV,3,3,09,31,22,083,25,1*53
$GLGSV,2,1,05,70,43,170,32,71,65,305,41,73,65,290,48,74,22,247,31,1*7F
$GLGSV,2,2,05,80,31,118,30,1*4C
$GAGSV,1,1,03,05,40,095,34,13,62,201,43,15,28,318,34,7*4B
$BDGSV,2,1,06,14,56,274,39,21,59,222,42,22,21,170,29,26,43,262,35,1*7B
$BDGSV,2,2,06,29,14,106,24,36,21,062,26,1*7A
$GQGSV,1,1,00,1*65
$GNZDA,000346.03,15,08,2026,00,00*70
$GNGLL,5129.00601,N,00001.15764,W,000346.03,A,A*6F
$GNRMC,000347.03,A,5129.01135,N,00001.16425,W,24.30,322.37,150826,,,A,V*1D
$GNVTG,322.37,T,,M,24.30,N,45.00,K,A*20
$GNGGA,000347.03,5129.01135,N,00001.16425,W,2,18,1.3,52.10,M,45.30,M,,*53
$GNGSA,A,3,03,04,07,08,09,16,26,27,31,,,,2.0,1.3,1.7,1*32
$GNGSA,A,3,70,71,73,,,,,,,,,,2.0,1.3,1.7,2*31
$GNGSA,A,3,05,13,,,,,,,,,,,2.0,1.3,1.7,3*32
$GNGSA,A,3,14,21,22,26,,,,,,,,,2.0,1.3,1.7,4*30
$GNGSA,A,3,,,,,,,,,,,,,2.0,1.3,1.7,5*33
$GNZDA,000347.03,15,08,2026,00,00*71
$GNGLL,5129.01135,N,00001.16425,W,000347.03,A,A*6A
$GNRMC,000348.03,A,5129.01689,N,00001.17109,W,25.20,322.43,150826,,,A,V*1B
$GNVTG,322.43,T,,M,25.20,N,46.67,K,A*21
$GNGGA,000348.03,5129.01689,N,00001.17109,W,2,16,1.3,52.04,M,45.30,M,,*5D
$GNGSA,A,3,03,04,07,08,09,16,26,,,,,,2.0,1.3,1.7,1*35
$GNGSA,A,3,70,71,73,,,,,,,,,,2.0,1.3,1.7,2*31
$GNGSA,A,3,05,13,,,,,,,,,,,2.0,1.3,1.7,3*32
$GNGSA,A,3,14,21,22,26,,,,,,,,,2.0,1.3,1.7,4*30
$GNGSA,A,3,,,,,,,,,,,,,2.0,1.3,1.7,5*33
$GPGSV,3,1,09,03,18,210,32,04,80,276,50,07,22,284,30,08,17,171,,1*6E
$GPGSV,3,2,09,09,45,309,32,16,71,059,44,26,38,052,34,27,36,137,30,1*6B
$GPGSV,3,3,09,31,22,083,33,1*54
$GLGSV,2,1,05,70,43,170,32,71,65,305,40,73,65,290,49,74,22,247,28,1*77
$GLGSV,2,2,05,80,31,118,32,1*4E
$GAGSV,1,1,03,05,40,095,40,13,62,201,40,15,28,318,27,7*49
$BDGSV,2,1,06,14,56,274,36,21,59,222,44,22,21,170,32,26,43,262,35,1*78
$BDGSV,2,2,06,29,14,106,,36,21,062,31,1*7A
$GQGSV,1,1,00,1*65
$GNZDA,000348.03,15,08,2026,00,00*7E
$GNGLL,5129.01689,N,00001.17109,W,000348.03,A,A*6F
$GNRMC,000349.03,A,5129.02261,N,00001.17819,W,26.10,322.31,150826,,,A,V*16
$GNVTG,322.31,T,,M,26.10,N,48.34,K,A*2C
$GNGGA,000349.03,5129.02261,N,00001.17819,W,2,17,1.3,51.79,M,45.30,M,,*5D
$GNGSA,A,3,03,04,07,08,09,16,26,27,,,,,2.0,1.3,1.7,1*30
$GNGSA,A,3,70,71,73,,,,,,,,,,2.0,1.3,1.7,2*31
$GNGSA,A,3,05,13,,,,,,,,,,,2.0,1.3,1.7,3*32
$GNGSA,A,3,14,21,22,26,,,,,,,,,2.0,1.3,1.7,4*30
$GNGSA,A,3,,,,,,,,,,,,,2.0,1.3,1.7,5*33
$GNZDA,000349.03,15,08,2026,00,00*7F
$GNGLL,5129.02261,N,00001.17819,W,000349.03,A,A*67
$GNRMC,000350.00,A,5129.02856,N,00001.18550,W,27.00,322.57,150826,,,A,V*1C
$GNVTG,322.57,T,,M,27.00,N,50.00,K,A*22
$GNGGA,000350.00,5129.02856,N,00001.18550,W,2,18,1.2,51.73,M,45.30,M,,*53
$GNGSA,A,3,03,04,07,08,09,16,26,27,31,,,,1.9,1.2,1.6,1*38
$GNGSA,A,3,70,71,73,,,,,,,,,,1.9,1.2,1.6,2*3B
$GNGSA,A,3,05,13,,,,,,,,,,,1.9,1.2,1.6,3*38
$GNGSA,A,3,14,21,22,26,,,,,,,,,1.9,1.2,1.6,4*3A
$GNGSA,A,3,,,,,,,,,,,,,1.9,1.2,1.6,5*39
$GPGSV,3,1,09,03,18,210,,04,80,276,50,07,22,284,33,08,17,171,24,1*6A
$GPGSV,3,2,09,09,45,309,35,16,71,059,44,26,38,052,36,27,36,137,30,1*6E
$GPGSV,3,3,09,31,22,083,33,1*54
$GLGSV,2,1,05,70,43,170,35,71,65,305,43,73,65,290,42,74,22,247,24,1*74
$GLGSV,2,2,05,80,31,118,35,1*49
$GAGSV,1,1,03,05,40,095,32,13,62,201,42,15,28,318,30,7*48
$BDGSV,2,1,06,14,56,274,46,21,59,222,39,22,21,170,29,26,43,262,39,1*73
$BDGSV,2,2,06,29,14,106,31,36,21,062,28,1*70
$GQGSV,1,1,00,1*65
$GNZDA,000350.00,15,08,2026,00,00*74
$GNGLL,5129.02856,N,00001.18550,W,000350.00,A,A*6D
$GNRMC,000351.03,A,5129.03473,N,00001.19300,W,27.90,322.88,150826,,,A,V*1D
$GNVTG,322.88,T,,M,27.90,N,51.67,K,A*29
$GNGGA,000351.03,5129.03473,N,00001.19300,W,2,16,1.2,51.42,M,45.30,M,,*55
$GNGSA,A,3,03,04,07,08,09,16,26,,,,,,1.9,1.2,1.6,1*3F
$GNGSA,A,3,70,71,73,,,,,,,,,,1.9,1.2,1.6,2*3B
$GNGSA,A,3,05,13,,,,,,,,,,,1.9,1.2,1.6,3*38
$GNGSA,A,3,14,21,22,26,,,,,,,,,1.9,1.2,1.6,4*3A
$GNGSA,A,3,,,,,,,,,,,,,1.9,1.2,1.6,5*39
$GNZDA,000351.03,15,08,2026,00,00*76
$GNGLL,5129.03473,N,00001.19300,W,000351.03,A,A*67
$GNRMC,000352.03,A,5129.04108,N,00001.20076,W,28.80,322.76,150826,,,A,V*17
$GNVTG,322.76,T,,M,28.80,N,53.34,K,A*22
$GNGGA,000352.03,5129.04108,N,00001.20076,W,2,17,1.3,51.36,M,45.30,M,,*53
$GNGSA,A,3,03,04,07,08,09,16,26,27,,,,,2.0,1.3,1.7,1*30
$GNGSA,A,3,70,71,73,,,,,,,,,,2.0,1.3,1.7,2*31
$GNGSA,A,3,05,13,,,,,,,,,,,2.0,1.3,1.7,3*32
$GNGSA,A,3,14,21,22,26,,,,,,,,,2.0,1.3,1.7,4*30
$GNGSA,A,3,,,,,,,,,,,,,2.0,1.3,1.7,5*33
$GPGSV,3,1,09,03,18,210,29,04,80,276,45,07,22,284,28,08,17,171,,1*69
$GPGSV,3,2,09,09,45,309,37,16,71,059,50,26,38,052,34,27,36,137,39,1*62
$GPGSV,3,3,09,31,22,083,25,1*53
$GLGSV,2,1,05,70,43,170,40,71,65,305,46,73,65,290,44,74,22,247,31,1*71
$GLGSV,2,2,05,80,31,118,28,1*45
$GAGSV,1,1,03,05,40,095,34,13,62,201,45,15,28,318,30,7*49
$BDGSV,2,1,06,14,56,274,45,21,59,222,37,22,21,170,31,26,43,262,40,1*79
$BDGSV,2,2,06,29,14,106,23,36,21,062,32,1*78
$GQGSV,1,1,00,1*65
$GNZDA,000352.03,15,08,2026,00,00*75
$GNGLL,5129.04108,N,00001.20076,W,000352.03,A,A*62
$GNRMC,000353.03,A,5129.04765,N,00001.20874,W,29.70,322.88,150826,,,A,V*1E
$GNVTG,322.88,T,,M,29.70,N,55.00,K,A*2C
$GNGGA,000353.03,5129.04765,N,00001.20874,W,2,18,1.3,51.32,M,45.30,M,,*5E
$GNGSA,A,3,03,04,07,08,09,16,26,27,31,,,,2.0,1.3,1.7,1*32
$GNGSA,A,3,70,71,73,,,,,,,,,,2.0,1.3,1.7,2*31
$GNGSA,A,3,05,13,,,,,,,,,,,2.0,1.3,1.7,3*32
$GNGSA,A,3,14,21,22,26,,,,,,,,,2.0,1.3,1.7,4*30
$GNGSA,A,3,,,,,,,,,,,,,2.0,1.3,1.7,5*33
$GNZDA,000353.03,15,08,2026,00,00*74
$GNGLL,5129.04765,N,00001.20874,W,000353.03,A,A*64
$GNRMC,000354.03,A,5129.05441,N,00001.21697,W,30.60,322.81,150826,,,A,V*1F
$GNVTG,322.81,T,,M,30.60,N,56.67,K,A*2E
$GNGGA,000354.03,5129.05441,N,00001.21697,W,2,16,1.3,51.29,M,45.30,M,,*5B
$GNGSA,A,3,03,04,07,08,09,16,26,,,,,,2.0,1.3,1.7,1*35
$GNGSA,A,3,70,71,73,,,,,,,,,,2.0,1.3,1.7,2*31
$GNGSA,A,3,05,13,,,,,,,,,,,2.0,1.3,1.7,3*32
$GNGSA,A,3,14,21,22,26,,,,,,,,,2.0,1.3,1.7,4*30
$GNGSA,A,3,,,,,,,,,,,,,2.0,1.3,1.7,5*33
$GPGSV,3,1,09,03,18,210,,04,80,276,46,07,22,284,29,08,17,171,,1*60
$GPGSV,3,2,09,09,45,309,37,16,71,059,50,26,38,052,34,27,36,137,30,1*6B
$GPGSV,3,3,09,31,22,083,30,1*57
$GLGSV,2,1,05,70,43,170,41,71,65,305,46,73,65,290,47,74,22,247,29,1*7A
$GLGSV,2,2,05,80,31,118,28,1*45
$GAGSV,1,1,03,05,40,095,33,13,62,201,41,15,28,318,36,7*4C
$BDGSV,2,1,06,14,56,274,46,21,59,222,41,22,21,170,25,26,43,262,41,1*7F
$BDGSV,2,2,06,29,14,106,,36,21,062,27,1*7D
$GQGSV,1,1,00,1*65
$GNZDA,000354.03,15,08,2026,00,00*73
$GNGLL,5129.05441,N,00001.21697,W,000354.03,A,A*65
$GNRMC,000355.00,A,5129.06126,N,00001.22532,W,31.00,322.80,150826,,,A,V*13
$GNVTG,322.80,T,,M,31.00,N,57.41,K,A*2D
$GNGGA,000355.00,5129.06126,N,00001.22532,W,2,17,1.3,51.02,M,45.30,M,,*59
$GNGSA,A,3,03,04,07,08,09,16,26,27,,,,,2.0,1.3,1.7,1*30
$GNGSA,A,3,70,71,73,,,,,,,,,,2.0,1.3,1.7,2*31
$GNGSA,A,3,05,13,,,,,,,,,,,2.0,1.3,1.7,3*32
$GNGSA,A,3,14,21,22,26,,,,,,,,,2.0,1.3,1.7,4*30
$GNGSA,A,3,,,,,,,,,,,,,2.0,1.3,1.7,5*33
$GNZDA,000355.00,15,08,2026,00,00*71
$GNGLL,5129.06126,N,00001.22532,W,000355.00,A,A*6F
$GNRMC,000356.03,A,5129.06812,N,00001.23363,W,31.00,322.95,150826,,,A,V*1A
$GNVTG,322.95,T,,M,31.00,N,57.41,K,A*29
$GNGGA,000356.03,5129.06812,N,00001.23363,W,2,18,1.2,51.06,M,45.30,M,,*5E
$GNGSA,A,3,03,04,07,08,09,16,26,27,31,,,,1.9,1.2,1.6,1*38
$GNGSA,A,3,70,71,73,,,,,,,,,,1.9,1.2,1.6,2*3B
$GNGSA,A,3,05,13,,,,,,,,,,,1.9,1.2,1.6,3*38
$GNGSA,A,3,14,21,22,26,,,,,,,,,1.9,1.2,1.6,4*3A
$GNGSA,A,3,,,,,,,,,,,,,1.9,1.2,1.6,5*39
$GPGSV,3,1,09,03,18,210,31,04,80,276,50,07,22,284,24,08,17,171,32,1*69
$GPGSV,3,2,09,09,45,309,35,16,71,059,47,26,38,052,38,27,36,137,37,1*64
$GPGSV,3,3,09,31,22,083,34,1*53
$GLGSV,2,1,05,70,43,170,41,71,65,305,47,73,65,290,42,74,22,247,26,1*71
$GLGSV,2,2,05,80,31,118,34,1*48
$GAGSV,1,1,03,05,40,095,38,13,62,201,47,15,28,318,33,7*44
$BDGSV,2,1,06,14,56,274,38,21,59,222,39,22,21,170,28,26,43,262,41,1*74
$BDGSV,2,2,06,29,14,106,30,36,21,062,30,1*78
$GQGSV,1,1,00,1*65
$GNZDA,000356.03,15,08,2026,00,00*71
$GNGLL,5129.06812,N,00001.23363,W,000356.03,A,A*62
$GNRMC,000357.03,A,5129.07497,N,00001.24196,W,31.00,322.89,150826,,,A,V*19
$GNVTG,322.89,T,,M,31.00,N,57.41,K,A*24
$GNGGA,000357.03,5129.07497,N,00001.24196,W,2,16,1.2,50.88,M,45.30,M,,*59
$GNGSA,A,3,03,04,07,08,09,16,26,,,,,,1.9,1.2,1.6,1*3F
$GNGSA,A,3,70,71,73,,,,,,,,,,1.9,1.2,1.6,2*3B
$GNGSA,A,3,05,13,,,,,,,,,,,1.9,1.2,1.6,3*38
$GNGSA,A,3,14,21,22,26,,,,,,,,,1.9,1.2,1.6,4*3A
$GNGSA,A,3,,,,,,,,,,,,,1.9,1.2,1.6,5*39
$GNZDA,000357.03,15,08,2026,00,00*70
$GNGLL,5129.07497,N,00001.24196,W,000357.03,A,A*6C
$GNRMC,000358.03,A,5129.08185,N,00001.25024,W,31.00,323.16,150826,,,A,V*11
$GNVTG,323.16,T,,M,31.00,N,57.41,K,A*23
$GNGGA,000358.03,5129.08185,N,00001.25024,W,2,17,1.3,50.74,M,45.30,M,,*55
$GNGSA,A,3,03,04,07,08,09,16,26,27,,,,,2.0,1.3,1.7,1*30
$GNGSA,A,3,70,71,73,,,,,,,,,,2.0,1.3,1.7,2*31
$GNGSA,A,3,05,13,,,,,,,,,,,2.0,1.3,1.7,3*32
$GNGSA,A,3,14,21,22,26,,,,,,,,,2.0,1.3,1.7,4*30
$GNGSA,A,3,,,,,,,,,,,,,2.0,1.3,1.7,5*33
$GPGSV,3,1,09,03,18,210,31,04,80,276,50,07,22,284,32,08,17,171,24,1*69
$GPGSV,3,2,09,09,45,309,38,16,71,059,42,26,38,052,37,27,36,137,38,1*6C
$GPGSV,3,3,09,31,22,083,25,1*53
$GLGSV,2,1,05,70,43,170,37,71,65,305,41,73,65,290,46,74,22,247,25,1*71
$GLGSV,2,2,05,80,31,118,37,1*4B
$GAGSV,1,1,03,05,40,095,39,13,62,201,44,15,28,318,29,7*4D
$BDGSV,2,1,06,14,56,274,37,21,59,222,46,22,21,170,33,26,43,262,33,1*7C
$BDGSV,2,2,06,29,14,106,,36,21,062,25,1*7F
$GQGSV,1,1,00,1*65
$GNZDA,000358.03,15,08,2026,00,00*7F
$GNGLL,5129.08185,N,00001.25024,W,000358.03,A,A*63
$GNRMC,000359.03,A,5129.08874,N,00001.25850,W,31.00,323.22,150826,,,A,V*1B
$GNVTG,323.22,T,,M,31.00,N,57.41,K,A*24
$GNGGA,000359.03,5129.08874,N,00001.25850,W,2,18,1.3,50.60,M,45.30,M,,*52
$GNGSA,A,3,03,04,07,08,09,16,26,27,31,,,,2.0,1.3,1.7,1*32
$GNGSA,A,3,70,71,73,,,,,,,,,,2.0,1.3,1.7,2*31
$GNGSA,A,3,05,13,,,,,,,,,,,2.0,1.3,1.7,3*32
$GNGSA,A,3,14,21,22,26,,,,,,,,,2.0,1.3,1.7,4*30
$GNGSA,A,3,,,,,,,,,,,,,2.0,1.3,1.7,5*33
$GNZDA,000359.03,15,08,2026,00,00*7E
$GNGLL,5129.08874,N,00001.25850,W,000359.03,A,A*6E
$GNRMC,000400.00,A,5129.09562,N,00001.26678,W,31.00,323.18,150826,,,A,V*16
$GNVTG,323.18,T,,M,31.00,N,57.41,K,A*2D
$GNGGA,000400.00,5129.09562,N,00001.26678,W,2,16,1.2,50.41,M,45.30,M,,*5A
$GNGSA,A,3,03,04,07,08,09,16,26,,,,,,1.9,1.2,1.6,1*3F
$GNGSA,A,3,70,71,73,,,,,,,,,,1.9,1.2,1.6,2*3B
$GNGSA,A,3,05,13,,,,,,,,,,,1.9,1.2,1.6,3*38
$GNGSA,A,3,14,21,22,26,,,,,,,,,1.9,1.2,1.6,4*3A
$GNGSA,A,3,,,,,,,,,,,,,1.9,1.2,1.6,5*39
$GPGSV,3,1,09,03,18,210,32,04,80,276,50,07,22,284,28,08,17,171,30,1*64
$GPGSV,3,2,09,09,45,309,34,16,71,059,43,26,38,052,34,27,36,137,39,1*63
$GPGSV,3,3,09,31,22,083,30,1*57
$GLGSV,2,1,05,70,43,170,35,71,65,305,44,73,65,290,45,74,22,247,33,1*72
$GLGSV,2,2,05,80,31,118,35,1*49
$GAGSV,1,1,03,05,40,095,40,13,62,201,43,15,28,318,32,7*4E
$BDGSV,2,1,06,14,56,274,39,21,59,222,44,22,21,170,29,26,43,262,39,1*71
$BDGSV,2,2,06,29,14,106,29,36,21,062,30,1*70
$GQGSV,1,1,00,1*65
$GNZDA,000400.00,15,08,2026,00,00*76
$GNGLL,5129.09562,N,00001.26678,W,000400.00,A,A*6A
$GPTXT,01,01,02,ANTENNA OK*36
$GNRMC,000401.03,A,5129.10249,N,00001.27506,W,31.00,323.12,150826,,,A,V*13
$GNVTG,323.12,T,,M,31.00,N,57.41,K,A*27
$GNGGA,000401.03,5129.10249,N,00001.27506,W,2,17,1.3,50.43,M,45.30,M,,*57
$GNGSA,A,3,03,04,07,08,09,16,26,27,,,,,2.0,1.3,1.7,1*30
$GNGSA,A,3,70,71,73,,,,,,,,,,2.0,1.3,1.7,2*31
$GNGSA,A,3,05,13,,,,,,,,,,,2.0,1.3,1.7,3*32
$GNGSA,A,3,14,21,22,26,,,,,,,,,2.0,1.3,1.7,4*30
$GNGSA,A,3,,,,,,,,,,,,,2.0,1.3,1.7,5*33
$GNZDA,000401.03,15,08,2026,00,00*74
$GNGLL,5129.10249,N,00001.27506,W,000401.03,A,A*65
$GNRMC,000402.03,A,5129.10940,N,00001.28328,W,31.00,323.46,150826,,,A,V*16
$GNVTG,323.46,T,,M,31.00,N,57.41,K,A*26
$GNGGA,000402.03,5129.10940,N,00001.28328,W,2,18,1.3,50.21,M,45.30,M,,*58
$GNGSA,A,3,03,04,07,08,09,16,26,27,31,,,,2.0,1.3,1.7,1*32
$GNGSA,A,3,70,71,73,,,,,,,,,,2.0,1.3,1.7,2*31
$GNGSA,A,3,05,13,,,,,,,,,,,2.0,1.3,1.7,3*32
$GNGSA,A,3,14,21,22,26,,,,,,,,,2.0,1.3,1.7,4*30
$GNGSA,A,3,,,,,,,,,,,,,2.0,1.3,1.7,5*33
$GPGSV,3,1,09,03,18,210,,04,80,276,50,07,22,284,33,08,17,171,,1*6C
$GPGSV,3,2,09,09,45,309,41,16,71,059,47,26,38,052,37,27,36,137,34,1*6B
$GPGSV,3,3,09,31,22,083,26,1*50
$GLGSV,2,1,05,70,43,170,41,71,65,305,47,73,65,290,42,74,22,247,32,1*74
$GLGSV,2,2,05,80,31,118,29,1*44
$GAGSV,1,1,03,05,40,095,34,13,62,201,42,15,28,318,29,7*46
$BDGSV,2,1,06,14,56,274,44,21,59,222,42,22,21,170,31,26,43,262,40,1*7A
$BDGSV,2,2,06,29,14,106,,36,21,062,24,1*7E
$GQGSV,1,1,00,1*65
$GNZDA,000402.03,15,08,2026,00,00*77
$GNGLL,5129.10940,N,00001.28328,W,000402.03,A,A*61
$GNRMC,000403.03,A,5129.11633,N,00001.29144,W,31.00,323.74,150826,,,A,V*15
$GNVTG,323.74,T,,M,31.00,N,57.41,K,A*27
$GNGGA,000403.03,5129.11633,N,00001.29144,W,2,16,1.3,49.99,M,45.30,M,,*5F
$GNGSA,A,3,03,04,07,08,09,16,26,,,,,,2.0,1.3,1.7,1*35
$GNGSA,A,3,70,71,73,,,,,,,,,,2.0,1.3,1.7,2*31
$GNGSA,A,3,05,13,,,,,,,,,,,2.0,1.3,1.7,3*32
$GNGSA,A,3,14,21,22,26,,,,,,,,,2.0,1.3,1.7,4*30
$GNGSA,A,3,,,,,,,,,,,,,2.0,1.3,1.7,5*33
$GNZDA,000403.03,15,08,2026,00,00*76
$GNGLL,5129.11633,N,00001.29144,W,000403.03,A,A*63
$GNRMC,000404.03,A,5129.12324,N,00001.29964,W,31.00,323.58,150826,,,A,V*16
$GNVTG,323.58,T,,M,31.00,N,57.41,K,A*29
$GNGGA,000404.03,5129.12324,N,00001.29964,W,2,17,1.3,49.87,M,45.30,M,,*5C
$GNGSA,A,3,03,04,07,08,09,16,26,27,,,,,2.0,1.3,1.7,1*30
$GNGSA,A,3,70,71,73,,,,,,,,,,2.0,1.3,1.7,2*31
$GNGSA,A,3,05,13,,,,,,,,,,,2.0,1.3,1.7,3*32
$GNGSA,A,3,14,21,22,26,,,,,,,,,2.0,1.3,1.7,4*30
$GNGSA,A,3,,,,,,,,,,,,,2.0,1.3,1.7,5*33
$GPGSV,3,1,09,03,18,210,,04,80,276,46,07,22,284,32,08,17,171,,1*6A
$GPGSV,3,2,09,09,45,309,36,16,71,059,46,26,38,052,32,27,36,137,38,1*63
$GPGSV,3,3,09,31,22,083,32,1*55
$GLGSV,2,1,05,70,43,170,34,71,65,305,44,73,65,290,48,74,22,247,28,1*74
$GLGSV,2,2,05,80,31,118,29,1*44
$GAGSV,1,1,03,05,40,095,31,13,62,201,40,15,28,318,27,7*4F
$BDGSV,2,1,06,14,56,274,42,21,59,222,40,22,21,170,33,26,43,262,36,1*7D
$BDGSV,2,2,06,29,14,106,,36,21,062,24,1*7E
$GQGSV,1,1,00,1*65
$GNZDA,000404.03,15,08,2026,00,00*71
$GNGLL,5129.12324,N,00001.29964,W,000404.03,A,A*6E
$GNRMC,000405.00,A,5129.13018,N,00001.30780,W,31.00,323.76,150826,,,A,V*19
$GNVTG,323.76,T,,M,31.00,N,57.41,K,A*25
$GNGGA,000405.00,5129.13018,N,00001.30780,W,2,18,1.2,49.91,M,45.30,M,,*56
$GNGSA,A,3,03,04,07,08,09,16,26,27,31,,,,1.9,1.2,1.6,1*38
$GNGSA,A,3,70,71,73,,,,,,,,,,1.9,1.2,1.6,2*3B
$GNGSA,A,3,05,13,,,,,,,,,,,1.9,1.2,1.6,3*38
$GNGSA,A,3,14,21,22,26,,,,,,,,,1.9,1.2,1.6,4*3A
$GNGSA,A,3,,,,,,,,,,,,,1.9,1.2,1.6,5*39
$GNZDA,000405.00,15,08,2026,00,00*73
$GNGLL,5129.13018,N,00001.30780,W,000405.00,A,A*6D
$GNRMC,000406.03,A,5129.13709,N,00001.31600,W,31.00,323.54,150826,,,A,V*16
$GNVTG,323.54,T,,M,31.00,N,57.41,K,A*25
$GNGGA,000406.03,5129.13709,N,00001.31600,W,2,16,1.2,49.84,M,45.30,M,,*53
$GNGSA,A,3,03,04,07,08,09,16,26,,,,,,1.9,1.2,1.6,1*3F
$GNGSA,A,3,70,71,73,,,,,,,,,,1.9,1.2,1.6,2*3B
$GNGSA,A,3,05,13,,,,,,,,,,,1.9,1.2,1.6,3*38
$GNGSA,A,3,14,21,22,26,,,,,,,,,1.9,1.2,1.6,4*3A
$GNGSA,A,3,,,,,,,,,,,,,1.9,1.2,1.6,5*39
$GPGSV,3,1,09,03,18,210,33,04,80,276,50,07,22,284,32,08,17,171,,1*6D
$GPGSV,3,2,09,09,45,309,33,16,71,059,44,26,38,052,34,27,36,137,39,1*63
$GPGSV,3,3,09,31,22,083,30,1*57
$GLGSV,2,1,05,70,43,170,32,71,65,305,43,73,65,290,44,74,22,247,26,1*77
$GLGSV,2,2,05,80,31,118,35,1*49
$GAGSV,1,1,03,05,40,095,31,13,62,201,42,15,28,318,35,7*4E
$BDGSV,2,1,06,14,56,274,40,21,59,222,42,22,21,170,28,26,43,262,39,1*78
$BDGSV,2,2,06,29,14,106,31,36,21,062,33,1*7A
$GQGSV,1,1,00,1*65
$GNZDA,000406.03,15,08,2026,00,00*73
$GNGLL,5129.13709,N,00001.31600,W,000406.03,A,A*62
$GNRMC,000407.03,A,5129.14403,N,00001.32416,W,31.00,323.79,150826,,,A,V*10
$GNVTG,323.79,T,,M,31.00,N,57.41,K,A*2A
$GNGGA,000407.03,5129.14403,N,00001.32416,W,2,17,1.2,49.74,M,45.30,M,,*54
$GNGSA,A,3,03,04,07,08,09,16,26,27,,,,,1.9,1.2,1.6,1*3A
$GNGSA,A,3,70,71,73,,,,,,,,,,1.9,1.2,1.6,2*3B
$GNGSA,A,3,05,13,,,,,,,,,,,1.9,1.2,1.6,3*38
$GNGSA,A,3,14,21,22,26,,,,,,,,,1.9,1.2,1.6,4*3A
$GNGSA,A,3,,,,,,,,,,,,,1.9,1.2,1.6,5*39
$GNZDA,000407.03,15,08,2026,00,00*72
$GNGLL,5129.14403,N,00001.32416,W,000407.03,A,A*6B
$GNRMC,000408.03,A,5129.15095,N,00001.33234,W,31.00,323.67,150826,,,A,V*1D
$GNVTG,323.67,T,,M,31.00,N,57.41,K,A*25
$GNGGA,000408.03,5129.15095,N,00001.33234,W,2,18,1.2,49.61,M,45.30,M,,*5D
$GNGSA,A,3,03,04,07,08,09,16,26,27,31,,,,1.9,1.2,1.6,1*38
$GNGSA,A,3,70,71,73,,,,,,,,,,1.9,1.2,1.6,2*3B
$GNGSA,A,3,05,13,,,,,,,,,,,1.9,1.2,1.6,3*38
$GNGSA,A,3,14,21,22,26,,,,,,,,,1.9,1.2,1.6,4*3A
$GNGSA,A,3,,,,,,,,,,,,,1.9,1.2,1.6,5*39
$GPGSV,3,1,09,03,18,210,,04,80,276,48,07,22,284,30,08,17,171,27,1*63
$GPGSV,3,2,09,09,45,309,34,16,71,059,45,26,38,052,38,27,36,137,36,1*66
$GPGSV,3,3,09,31,22,083,26,1*50
$GLGSV,2,1,05,70,43,170,37,71,65,305,47,73,65,290,49,74,22,247,33,1*7F
$GLGSV,2,2,05,80,31,118,33,1*4F
$GAGSV,1,1,03,05,40,095,31,13,62,201,42,15,28,318,32,7*49
$BDGSV,2,1,06,14,56,274,46,21,59,222,38,22,21,170,25,26,43,262,38,1*7F
$BDGSV,2,2,06,29,14,106,25,36,21,062,32,1*7E
$GQGSV,1,1,00,1*65
$GNZDA,000408.03,15,08,2026,00,00*7D
$GNGLL,5129.15095,N,00001.33234,W,000408.03,A,A*69
$GNRMC,000409.03,A,5129.15790,N,00001.34046,W,31.00,323.95,150826,,,A,V*13
$GNVTG,323.95,T,,M,31.00,N,57.41,K,A*28
$GNGGA,000409.03,5129.15790,N,00001.34046,W,2,16,1.3,49.75,M,45.30,M,,*54
$GNGSA,A,3,03,04,07,08,09,16,26,,,,,,2.0,1.3,1.7,1*35
$GNGSA,A,3,70,71,73,,,,,,,,,,2.0,1.3,1.7,2*31
$GNGSA,A,3,05,13,,,,,,,,,,,2.0,1.3,1.7,3*32
$GNGSA,A,3,14,21,22,26,,,,,,,,,2.0,1.3,1.7,4*30
$GNGSA,A,3,,,,,,,,,,,,,2.0,1.3,1.7,5*33
$GNZDA,000409.03,15,08,2026,00,00*7C
$GNGLL,5129.15790,N,00001.34046,W,000409.03,A,A*6A
$GNRMC,000410.00,A,5129.16485,N,00001.34858,W,31.00,323.94,150826,,,A,V*1A
$GNVTG,323.94,T,,M,31.00,N,57.41,K,A*29
$GNGGA,000410.00,5129.16485,N,00001.34858,W,2,17,1.3,49.93,M,45.30,M,,*55
$GNGSA,A,3,03,04,07,08,09,16,26,27,,,,,2.0,1.3,1.7,1*30
$GNGSA,A,3,70,71,73,,,,,,,,,,2.0,1.3,1.7,2*31
$GNGSA,A,3,05,13,,,,,,,,,,,2.0,1.3,1.7,3*32
$GNGSA,A,3,14,21,22,26,,,,,,,,,2.0,1.3,1.7,4*30
$GNGSA,A,3,,,,,,,,,,,,,2.0,1.3,1.7,5*33
$GPGSV,3,1,09,03,18,210,32,04,80,276,46,07,22,284,25,08,17,171,24,1*6B
$GPGSV,3,2,09,09,45,309,34,16,71,059,45,26,38,052,31,27,36,137,36,1*6F
$GPGSV,3,3,09,31,22,083,25,1*53
$GLGSV,2,1,05,70,43,170,36,71,65,305,44,73,65,290,42,74,22,247,27,1*73
$GLGSV,2,2,05,80,31,118,29,1*44
$GAGSV,1,1,03,05,40,095,32,13,62,201,42,15,28,318,34,7*4C
$BDGSV,2,1,06,14,56,274,40,21,59,222,39,22,21,170,25,26,43,262,32,1*72
$BDGSV,2,2,06,29,14,106,,36,21,062,32,1*79
$GQGSV,1,1,00,1*65
$GNZDA,000410.00,15,08,2026,00,00*77
$GNGLL,5129.16485,N,00001.34858,W,000410.00,A,A*62
$GNRMC,000411.03,A,5129.17180,N,00001.35670,W,31.00,323.99,150826,,,A,V*11
$GNVTG,323.99,T,,M,31.00,N,57.41,K,A*24
$GNGGA,000411.03,5129.17180,N,00001.35670,W,2,18,1.4,49.99,M,45.30,M,,*51
$GNGSA,A,3,03,04,07,08,09,16,26,27,31,,,,2.1,1.4,1.8,1*3B
$GNGSA,A,3,70,71,73,,,,,,,,,,2.1,1.4,1.8,2*38
$GNGSA,A,3,05,13,,,,,,,,,,,2.1,1.4,1.8,3*3B
$GNGSA,A,3,14,21,22,26,,,,,,,,,2.1,1.4,1.8,4*39
$GNGSA,A,3,,,,,,,,,,,,,2.1,1.4,1.8,5*3A
$GNZDA,000411.03,15,08,2026,00,00*75
$GNGLL,5129.17180,N,00001.35670,W,000411.03,A,A*64
$GNRMC,000412.03,A,5129.17874,N,00001.36486,W,31.00,323.76,150826,,,A,V*19
$GNVTG,323.76,T,,M,31.00,N,57.41,K,A*25
$GNGGA,000412.03,5129.17874,N,00001.36486,W,2,16,1.3,50.18,M,45.30,M,,*50
$GNGSA,A,3,03,04,07,08,09,16,26,,,,,,2.0,1.3,1.7,1*35
$GNGSA,A,3,70,71,73,,,,,,,,,,2.0,1.3,1.7,2*31
$GNGSA,A,3,05,13,,,,,,,,,,,2.0,1.3,1.7,3*32
$GNGSA,A,3,14,21,22,26,,,,,,,,,2.0,1.3,1.7,4*30
$GNGSA,A,3,,,,,,,,,,,,,2.0,1.3,1.7,5*33
$GPGSV,3,1,09,03,18,210,,04,80,276,46,07,22,284,25,08,17,171,,1*6C
$GPGSV,3,2,09,09,45,309,39,16,71,059,44,26,38,052,39,27,36,137,31,1*6C
$GPGSV,3,3,09,31,22,083,34,1*53
$GLGSV,2,1,05,70,43,170,38,71,65,305,42,73,65,290,41,74,22,247,32,1*7C
$GLGSV,2,2,05,80,31,118,31,1*4D
$GAGSV,1,1,03,05,40,095,35,13,62,201,42,15,28,318,33,7*4C
$BDGSV,2,1,06,14,56,274,43,21,59,222,39,22,21,170,28,26,43,262,36,1*78
$BDGSV,2,2,06,29,14,106,,36,21,062,28,1*72
$GQGSV,1,1,00,1*65
$GNZDA,000412.03,15,08,2026,00,00*76
$GNGLL,5129.17874,N,00001.36486,W,000412.03,A,A*6D
$GNRMC,000413.03,A,5129.18567,N,00001.37301,W,31.00,323.82,150826,,,A,V*1A
$GNVTG,323.82,T,,M,31.00,N,57.41,K,A*2E
$GNGGA,000413.03,5129.18567,N,00001.37301,W,2,17,1.3,50.22,M,45.30,M,,*50
$GNGSA,A,3,03,04,07,08,09,16,26,27,,,,,2.0,1.3,1.7,1*30
$GNGSA,A,3,70,71,73,,,,,,,,,,2.0,1.3,1.7,2*31
$GNGSA,A,3,05,13,,,,,,,,,,,2.0,1.3,1.7,3*32
$GNGSA,A,3,14,21,22,26,,,,,,,,,2.0,1.3,1.7,4*30
$GNGSA,A,3,,,,,,,,,,,,,2.0,1.3,1.7,5*33
$GNZDA,000413.03,15,08,2026,00,00*77
$GNGLL,5129.18567,N,00001.37301,W,000413.03,A,A*65
$GNRMC,000414.03,A,5129.19264,N,00001.38109,W,31.00,324.13,150826,,,A,V*12
$GNVTG,324.13,T,,M,31.00,N,57.41,K,A*21
$GNGGA,000414.03,5129.19264,N,00001.38109,W,2,18,1.3,50.11,M,45.30,M,,*58
$GNGSA,A,3,03,04,07,08,09,16,26,27,31,,,,2.0,1.3,1.7,1*32
$GNGSA,A,3,70,71,73,,,,,,,,,,2.0,1.3,1.7,2*31
$GNGSA,A,3,05,13,,,,,,,,,,,2.0,1.3,1.7,3*32
$GNGSA,A,3,14,21,22,26,,,,,,,,,2.0,1.3,1.7,4*30
$GNGSA,A,3,,,,,,,,,,,,,2.0,1.3,1.7,5*33
$GPGSV,3,1,09,03,18,210,,04,80,276,50,07,22,284,33,08,17,171,28,1*66
$GPGSV,3,2,09,09,45,309,40,16,71,059,44,26,38,052,32,27,36,137,30,1*68
$GPGSV,3,3,09,31,22,083,33,1*54
$GLGSV,2,1,05,70,43,170,41,71,65,305,45,73,65,290,47,74,22,247,26,1*76
$GLGSV,2,2,05,80,31,118,33,1*4F
$GAGSV,1,1,03,05,40,095,39,13,62,201,45,15,28,318,29,7*4C
$BDGSV,2,1,06,14,56,274,45,21,59,222,47,22,21,170,29,26,43,262,39,1*79
$BDGSV,2,2,06,29,14,106,,36,21,062,25,1*7F
$GQGSV,1,1,00,1*65
$GNZDA,000414.03,15,08,2026,00,00*70
$GNGLL,5129.19264,N,00001.38109,W,000414.03,A,A*62
$GNRMC,000415.00,A,5129.19961,N,00001.38917,W,31.00,324.18,150826,,,A,V*12
$GNVTG,324.18,T,,M,31.00,N,57.41,K,A*2A
$GNGGA,000415.00,5129.19961,N,00001.38917,W,2,16,1.4,50.11,M,45.30,M,,*5A
$GNGSA,A,3,03,04,07,08,09,16,26,,,,,,2.1,1.4,1.8,1*3C
$GNGSA,A,3,70,71,73,,,,,,,,,,2.1,1.4,1.8,2*38
$GNGSA,A,3,05,13,,,,,,,,,,,2.1,1.4,1.8,3*3B
$GNGSA,A,3,14,21,22,26,,,,,,,,,2.1,1.4,1.8,4*39
$GNGSA,A,3,,,,,,,,,,,,,2.1,1.4,1.8,5*3A
$GNZDA,000415.00,15,08,2026,00,00*72
$GNGLL,5129.19961,N,00001.38917,W,000415.00,A,A*69
$GNRMC,000416.03,A,5129.20656,N,00001.39729,W,31.00,323.97,150826,,,A,V*11
$GNVTG,323.97,T,,M,31.00,N,57.41,K,A*2A
$GNGGA,000416.03,5129.20656,N,00001.39729,W,2,17,1.3,50.34,M,45.30,M,,*58
$GNGSA,A,3,03,04,07,08,09,16,26,27,,,,,2.0,1.3,1.7,1*30
$GNGSA,A,3,70,71,73,,,,,,,,,,2.0,1.3,1.7,2*31
$GNGSA,A,3,05,13,,,,,,,,,,,2.0,1.3,1.7,3*32
$GNGSA,A,3,14,21,22,26,,,,,,,,,2.0,1.3,1.7,4*30
$GNGSA,A,3,,,,,,,,,,,,,2.0,1.3,1.7,5*33
$GPGSV,3,1,09,03,18,210,,04,80,276,49,07,22,284,25,08,17,171,23,1*62
$GPGSV,3,2,09,09,45,309,32,16,71,059,44,26,38,052,38,27,36,137,31,1*66
$GPGSV,3,3,09,31,22,083,33,1*54
$GLGSV,2,1,05,70,43,170,33,71,65,305,45,73,65,290,42,74,22,247,30,1*71
$GLGSV,2,2,05,80,31,118,32,1*4E
$GAGSV,1,1,03,05,40,095,37,13,62,201,48,15,28,318,28,7*4E
$BDGSV,2,1,06,14,56,274,42,21,59,222,42,22,21,170,25,26,43,262,38,1*76
$BDGSV,2,2,06,29,14,106,,36,21,062,32,1*79
$GQGSV,1,1,00,1*65
$GNZDA,000416.03,15,08,2026,00,00*72
$GNGLL,5129.20656,N,00001.39729,W,000416.03,A,A*6A
$GNRMC,000417.03,A,5129.21354,N,00001.40534,W,31.00,324.33,150826,,,A,V*1F
$GNVTG,324.33,T,,M,31.00,N,57.41,K,A*23
$GNGGA,000417.03,5129.21354,N,00001.40534,W,2,18,1.3,50.52,M,45.30,M,,*50
$GNGSA,A,3,03,04,07,08,09,16,26,27,31,,,,2.0,1.3,1.7,1*32
$GNGSA,A,3,70,71,73,,,,,,,,,,2.0,1.3,1.7,2*31
$GNGSA,A,3,05,13,,,,,,,,,,,2.0,1.3,1.7,3*32
$GNGSA,A,3,14,21,22,26,,,,,,,,,2.0,1.3,1.7,4*30
$GNGSA,A,3,,,,,,,,,,,,,2.0,1.3,1.7,5*33
$GNZDA,000417.03,15,08,2026,00,00*73
$GNGLL,5129.21354,N,00001.40534,W,000417.03,A,A*6D
$GNRMC,000418.03,A,5129.22053,N,00001.41338,W,31.00,324.40,150826,,,A,V*18
$GNVTG,324.40,T,,M,31.00,N,57.41,K,A*27
$GNGGA,000418.03,5129.22053,N,00001.41338,W,2,16,1.2,50.55,M,45.30,M,,*5B
$GNGSA,A,3,03,04,07,08,09,16,26,,,,,,1.9,1.2,1.6,1*3F
$GNGSA,A,3,70,71,73,,,,,,,,,,1.9,1.2,1.6,2*3B
$GNGSA,A,3,05,13,,,,,,,,,,,1.9,1.2,1.6,3*38
$GNGSA,A,3,14,21,22,26,,,,,,,,,1.9,1.2,1.6,4*3A
$GNGSA,A,3,,,,,,,,,,,,,1.9,1.2,1.6,5*39
$GPGSV,3,1,09,03,18,210,33,04,80,276,50,07,22,284,31,08,17,171,23,1*6F
$GPGSV,3,2,09,09,45,309,36,16,71,059,49,26,38,052,39,27,36,137,35,1*6A
$GPGSV,3,3,09,31,22,083,25,1*53
$GLGSV,2,1,05,70,43,170,34,71,65,305,47,73,65,290,41,74,22,247,28,1*7E
$GLGSV,2,2,05,80,31,118,30,1*4C
$GAGSV,1,1,03,05,40,095,36,13,62,201,46,15,28,318,28,7*41
$BDGSV,2,1,06,14,56,274,37,21,59,222,39,22,21,170,34,26,43,262,33,1*73
$BDGSV,2,2,06,29,14,106,,36,21,062,32,1*79
$GQGSV,1,1,00,1*65
$GNZDA,000418.03,15,08,2026,00,00*7C
$GNGLL,5129.22053,N,00001.41338,W,000418.03,A,A*6E
$GNRMC,000419.03,A,5129.22754,N,00001.42138,W,31.00,324.57,150826,,,A,V*1E
$GNVTG,324.57,T,,M,31.00,N,57.41,K,A*21
$GNGGA,000419.03,5129.22754,N,00001.42138,W,2,17,1.4,50.60,M,45.30,M,,*5A
$GNGSA,A,3,03,04,07,08,09,16,26,27,,,,,2.1,1.4,1.8,1*39
$GNGSA,A,3,70,71,73,,,,,,,,,,2.1,1.4,1.8,2*38
$GNGSA,A,3,05,13,,,,,,,,,,,2.1,1.4,1.8,3*3B
$GNGSA,A,3,14,21,22,26,,,,,,,,,2.1,1.4,1.8,4*39
$GNGSA,A,3,,,,,,,,,,,,,2.1,1.4,1.8,5*3A
$GNZDA,000419.03,15,08,2026,00,00*7D
$GNGLL,5129.22754,N,00001.42138,W,000419.03,A,A*6E
$GNRMC,000420.00,A,5129.23456,N,00001.42933,W,31.00,324.82,150826,,,A,V*1C
$GNVTG,324.82,T,,M,31.00,N,57.41,K,A*29
$GNGGA,000420.00,5129.23456,N,00001.42933,W,1,18,1.3,50.76,M,45.30,M,,*5C
$GNGSA,A,3,03,04,07,08,09,16,26,27,31,,,,2.0,1.3,1.7,1*32
$GNGSA,A,3,70,71,73,,,,,,,,,,2.0,1.3,1.7,2*31
$GNGSA,A,3,05,13,,,,,,,,,,,2.0,1.3,1.7,3*32
$GNGSA,A,3,14,21,22,26,,,,,,,,,2.0,1.3,1.7,4*30
$GNGSA,A,3,,,,,,,,,,,,,2.0,1.3,1.7,5*33
$GPGSV,3,1,09,03,18,210,,04,80,276,45,07,22,284,28,08,17,171,,1*62
$GPGSV,3,2,09,09,45,309,38,16,71,059,50,26,38,052,33,27,36,137,31,1*62
$GPGSV,3,3,09,31,22,083,28,1*5E
$GLGSV,2,1,05,70,43,170,40,71,65,305,40,73,65,290,49,74,22,247,24,1*7E
$GLGSV,2,2,05,80,31,118,35,1*49
$GAGSV,1,1,03,05,40,095,40,13,62,201,39,15,28,318,27,7*47
$BDGSV,2,1,06,14,56,274,45,21,59,222,38,22,21,170,31,26,43,262,40,1*76
$BDGSV,2,2,06,29,14,106,,36,21,062,26,1*7C
$GQGSV,1,1,00,1*65
$GNZDA,000420.00,15,08,2026,00,00*74
$GNGLL,5129.23456,N,00001.42933,W,000420.00,A,A*64
$GNRMC,000421.03,A,5129.24160,N,00001.43727,W,31.00,324.92,150826,,,A,V*12
$GNVTG,324.92,T,,M,31.00,N,57.41,K,A*28
$GNGGA,000421.03,5129.24160,N,00001.43727,W,1,16,1.4,50.99,M,45.30,M,,*5B
$GNGSA,A,3,03,04,07,08,09,16,26,,,,,,2.1,1.4,1.8,1*3C
$GNGSA,A,3,70,71,73,,,,,,,,,,2.1,1.4,1.8,2*38
$GNGSA,A,3,05,13,,,,,,,,,,,2.1,1.4,1.8,3*3B
$GNGSA,A,3,14,21,22,26,,,,,,,,,2.1,1.4,1.8,4*39
$GNGSA,A,3,,,,,,,,,,,,,2.1,1.4,1.8,5*3A
$GNZDA,000421.03,15,08,2026,00,00*76
$GNGLL,5129.24160,N,00001.43727,W,000421.03,A,A*6B
$GNRMC,000422.03,A,5129.24865,N,00001.44516,W,31.00,325.10,150826,,,A,V*11
$GNVTG,325.10,T,,M,31.00,N,57.41,K,A*23
$GNGGA,000422.03,5129.24865,N,00001.44516,W,1,17,1.2,51.22,M,45.30,M,,*55
$GNGSA,A,3,03,04,07,08,09,16,26,27,,,,,1.9,1.2,1.6,1*3A
$GNGSA,A,3,70,71,73,,,,,,,,,,1.9,1.2,1.6,2*3B
$GNGSA,A,3,05,13,,,,,,,,,,,1.9,1.2,1.6,3*38
$GNGSA,A,3,14,21,22,26,,,,,,,,,1.9,1.2,1.6,4*3A
$GNGSA,A,3,,,,,,,,,,,,,1.9,1.2,1.6,5*39
$GPGSV,3,1,09,03,18,210,32,04,80,276,48,07,22,284,31,08,17,171,,1*66
$GPGSV,3,2,09,09,45,309,37,16,71,059,49,26,38,052,31,27,36,137,31,1*67
$GPGSV,3,3,09,31,22,083,34,1*53
$GLGSV,2,1,05,70,43,170,35,71,65,305,47,73,65,290,44,74,22,247,33,1*70
$GLGSV,2,2,05,80,31,118,32,1*4E
$GAGSV,1,1,03,05,40,095,37,13,62,201,42,15,28,318,33,7*4E
$BDGSV,2,1,06,14,56,274,45,21,59,222,46,22,21,170,32,26,43,262,37,1*7C
$BDGSV,2,2,06,29,14,106,24,36,21,062,26,1*7A
$GQGSV,1,1,00,1*65
$GNZDA,000422.03,15,08,2026,00,00*75
$GNGLL,5129.24865,N,00001.44516,W,000422.03,A,A*63
$GNRMC,000423.03,A,5129.25571,N,00001.45303,W,31.00,325.25,150826,,,A,V*1C
$GNVTG,325.25,T,,M,31.00,N,57.41,K,A*25
$GNGGA,000423.03,5129.25571,N,00001.45303,W,1,18,1.4,51.15,M,45.30,M,,*53
$GNGSA,A,3,03,04,07,08,09,16,26,27,31,,,,2.1,1.4,1.8,1*3B
$GNGSA,A,3,70,71,73,,,,,,,,,,2.1,1.4,1.8,2*38
$GNGSA,A,3,05,13,,,,,,,,,,,2.1,1.4,1.8,3*3B
$GNGSA,A,3,14,21,22,26,,,,,,,,,2.1,1.4,1.8,4*39
$GNGSA,A,3,,,,,,,,,,,,,2.1,1.4,1.8,5*3A
$GNZDA,000423.03,15,08,2026,00,00*74
$GNGLL,5129.25571,N,00001.45303,W,000423.03,A,A*68
$GNRMC,000424.03,A,5129.26276,N,00001.46092,W,31.00,325.13,150826,,,A,V*15
$GNVTG,325.13,T,,M,31.00,N,57.41,K,A*20
$GNGGA,000424.03,5129.26276,N,00001.46092,W,1,16,1.4,51.08,M,45.30,M,,*5D
$GNGSA,A,3,03,04,07,08,09,16,26,,,,,,2.1,1.4,1.8,1*3C
$GNGSA,A,3,70,71,73,,,,,,,,,,2.1,1.4,1.8,2*38
$GNGSA,A,3,05,13,,,,,,,,,,,2.1,1.4,1.8,3*3B
$GNGSA,A,3,14,21,22,26,,,,,,,,,2.1,1.4,1.8,4*39
$GNGSA,A,3,,,,,,,,,,,,,2.1,1.4,1.8,5*3A
$GPGSV,3,1,09,03,18,210,,04,80,276,50,07,22,284,27,08,17,171,24,1*6F
$GPGSV,3,2,09,09,45,309,36,16,71,059,44,26,38,052,37,27,36,137,39,1*65
$GPGSV,3,3,09,31,22,083,27,1*51
$GLGSV,2,1,05,70,43,170,40,71,65,305,44,73,65,290,45,74,22,247,31,1*72
$GLGSV,2,2,05,80,31,118,32,1*4E
$GAGSV,1,1,03,05,40,095,39,13,62,201,48,15,28,318,35,7*4C
$BDGSV,2,1,06,14,56,274,43,21,59,222,38,22,21,170,29,26,43,262,40,1*79
$BDGSV,2,2,06,29,14,106,29,36,21,062,30,1*70
$GQGSV,1,1,00,1*65
$GNZDA,000424.03,15,08,2026,00,00*73
$GNGLL,5129.26276,N,00001.46092,W,000424.03,A,A*64
$GNRMC,000425.00,A,5129.26982,N,00001.46881,W,31.00,325.17,150826,,,A,V*19
$GNVTG,325.17,T,,M,31.00,N,57.41,K,A*24
$GNGGA,000425.00,5129.26982,N,00001.46881,W,1,17,1.3,51.04,M,45.30,M,,*5F
$GNGSA,A,3,03,04,07,08,09,16,26,27,,,,,2.0,1.3,1.7,1*30
$GNGSA,A,3,70,71,73,,,,,,,,,,2.0,1.3,1.7,2*31
$GNGSA,A,3,05,13,,,,,,,,,,,2.0,1.3,1.7,3*32
$GNGSA,A,3,14,21,22,26,,,,,,,,,2.0,1.3,1.7,4*30
$GNGSA,A,3,,,,,,,,,,,,,2.0,1.3,1.7,5*33
$GNZDA,000425.00,15,08,2026,00,00*71
$GNGLL,5129.26982,N,00001.46881,W,000425.00,A,A*6C
$GNRMC,000426.03,A,5129.27688,N,00001.47667,W,31.00,325.30,150826,,,A,V*1F
$GNVTG,325.30,T,,M,31.00,N,57.41,K,A*21
$GNGGA,000426.03,5129.27688,N,00001.47667,W,1,18,1.4,51.34,M,45.30,M,,*57
$GNGSA,A,3,03,04,07,08,09,16,26,27,31,,,,2.1,1.4,1.8,1*3B
$GNGSA,A,3,70,71,73,,,,,,,,,,2.1,1.4,1.8,2*38
$GNGSA,A,3,05,13,,,,,,,,,,,2.1,1.4,1.8,3*3B
$GNGSA,A,3,14,21,22,26,,,,,,,,,2.1,1.4,1.8,4*39
$GNGSA,A,3,,,,,,,,,,,,,2.1,1.4,1.8,5*3A
$GPGSV,3,1,09,03,18,210,,04,80,276,50,07,22,284,28,08,17,171,30,1*65
$GPGSV,3,2,09,09,45,309,40,16,71,059,49,26,38,052,38,27,36,137,33,1*6C
$GPGSV,3,3,09,31,22,083,27,1*51
$GLGSV,2,1,05,70,43,170,34,71,65,305,42,73,65,290,46,74,22,247,26,1*72
$GLGSV,2,2,05,80,31,118,37,1*4B
$GAGSV,1,1,03,05,40,095,32,13,62,201,40,15,28,318,32,7*48
$BDGSV,2,1,06,14,56,274,40,21,59,222,39,22,21,170,34,26,43,262,40,1*77
$BDGSV,2,2,06,29,14,106,29,36,21,062,30,1*70
$GQGSV,1,1,00,1*65
$GNZDA,000426.03,15,08,2026,00,00*71
$GNGLL,5129.27688,N,00001.47667,W,000426.03,A,A*6F
$GNRMC,000427.03,A,5129.28395,N,00001.48453,W,31.00,325.26,150826,,,A,V*15
$GNVTG,325.26,T,,M,31.00,N,57.41,K,A*26
$GNGGA,000427.03,5129.28395,N,00001.48453,W,1,16,1.3,51.47,M,45.30,M,,*57
$GNGSA,A,3,03,04,07,08,09,16,26,,,,,,2.0,1.3,1.7,1*35
$GNGSA,A,3,70,71,73,,,,,,,,,,2.0,1.3,1.7,2*31
$GNGSA,A,3,05,13,,,,,,,,,,,2.0,1.3,1.7,3*32
$GNGSA,A,3,14,21,22,26,,,,,,,,,2.0,1.3,1.7,4*30
$GNGSA,A,3,,,,,,,,,,,,,2.0,1.3,1.7,5*33
$GNZDA,000427.03,15,08,2026,00,00*70
$GNGLL,5129.28395,N,00001.48453,W,000427.03,A,A*62
$GNRMC,000428.03,A,5129.29102,N,00001.49237,W,31.00,325.41,150826,,,A,V*13
$GNVTG,325.41,T,,M,31.00,N,57.41,K,A*27
$GNGGA,000428.03,5129.29102,N,00001.49237,W,1,17,1.2,51.58,M,45.30,M,,*5E
$GNGSA,A,3,03,04,07,08,09,16,26,27,,,,,1.9,1.2,1.6,1*3A
$GNGSA,A,3,70,71,73,,,,,,,,,,1.9,1.2,1.6,2*3B
$GNGSA,A,3,05,13,,,,,,,,,,,1.9,1.2,1.6,3*38
$GNGSA,A,3,14,21,22,26,,,,,,,,,1.9,1.2,1.6,4*3A
$GNGSA,A,3,,,,,,,,,,,,,1.9,1.2,1.6,5*39
$GPGSV,3,1,09,03,18,210,27,04,80,276,50,07,22,284,25,08,17,171,27,1*6B
$GPGSV,3,2,09,09,45,309,33,16,71,059,46,26,38,052,33,27,36,137,36,1*69
$GPGSV,3,3,09,31,22,083,29,1*5F
$GLGSV,2,1,05,70,43,170,35,71,65,305,39,73,65,290,42,74,22,247,25,1*78
$GLGSV,2,2,05,80,31,118,35,1*49
$GAGSV,1,1,03,05,40,095,39,13,62,201,46,15,28,318,34,7*43
$BDGSV,2,1,06,14,56,274,45,21,59,222,45,22,21,170,24,26,43,262,32,1*7D
$BDGSV,2,2,06,29,14,106,,36,21,062,25,1*7F
$GQGSV,1,1,00,1*65
$GNZDA,000428.03,15,08,2026,00,00*7F
$GNGLL,5129.29102,N,00001.49237,W,000428.03,A,A*65
$GNRMC,000429.03,A,5129.29811,N,00001.50019,W,31.00,325.51,150826,,,A,V*1E
$GNVTG,325.51,T,,M,31.00,N,57.41,K,A*26
$GNGGA,000429.03,5129.29811,N,00001.50019,W,1,18,1.4,51.70,M,45.30,M,,*51
$GNGSA,A,3,03,04,07,08,09,16,26,27,31,,,,2.1,1.4,1.8,1*3B
$GNGSA,A,3,70,71,73,,,,,,,,,,2.1,1.4,1.8,2*38
$GNGSA,A,3,05,13,,,,,,,,,,,2.1,1.4,1.8,3*3B
$GNGSA,A,3,14,21,22,26,,,,,,,,,2.1,1.4,1.8,4*39
$GNGSA,A,3,,,,,,,,,,,,,2.1,1.4,1.8,5*3A
$GNZDA,000429.03,15,08,2026,00,00*7E
$GNGLL,5129.29811,N,00001.50019,W,000429.03,A,A*69
$GNRMC,000430.00,A,5129.30520,N,00001.50799,W,31.00,325.59,150826,,,A,V*15
$GNVTG,325.59,T,,M,31.00,N,57.41,K,A*2E
$GNGGA,000430.00,5129.30520,N,00001.50799,W,1,16,1.3,51.74,M,45.30,M,,*5F
$GNGSA,A,3,03,04,07,08,09,16,26,,,,,,2.0,1.3,1.7,1*35
$GNGSA,A,3,70,71,73,,,,,,,,,,2.0,1.3,1.7,2*31
$GNGSA,A,3,05,13,,,,,,,,,,,2.0,1.3,1.7,3*32
$GNGSA,A,3,14,21,22,26,,,,,,,,,2.0,1.3,1.7,4*30
$GNGSA,A,3,,,,,,,,,,,,,2.0,1.3,1.7,5*33
$GPGSV,3,1,09,03,18,210,,04,80,276,50,07,22,284,30,08,17,171,28,1*65
$GPGSV,3,2,09,09,45,309,39,16,71,059,46,26,38,052,37,27,36,137,32,1*63
$GPGSV,3,3,09,31,22,083,27,1*51
$GLGSV,2,1,05,70,43,170,41,71,65,305,47,73,65,290,42,74,22,247,27,1*70
$GLGSV,2,2,05,80,31,118,32,1*4E
$GAGSV,1,1,03,05,40,095,33,13,62,201,44,15,28,318,34,7*4B
$BDGSV,2,1,06,14,56,274,44,21,59,222,46,22,21,170,33,26,43,262,39,1*72
$BDGSV,2,2,06,29,14,106,,36,21,062,29,1*73
$GQGSV,1,1,00,1*65
$GNZDA,000430.00,15,08,2026,00,00*75
$GNGLL,5129.30520,N,00001.50799,W,000430.00,A,A*6A
$GPTXT,01,01,02,ANTENNA OK*36
$GNRMC,000431.03,A,5129.31228,N,00001.51582,W,31.00,325.42,150826,,,A,V*1A
$GNVTG,325.42,T,,M,31.00,N,57.41,K,A*24
$GNGGA,000431.03,5129.31228,N,00001.51582,W,1,17,1.2,52.05,M,45.30,M,,*5F
$GNGSA,A,3,03,04,07,08,09,16,26,27,,,,,1.9,1.2,1.6,1*3A
$GNGSA,A,3,70,71,73,,,,,,,,,,1.9,1.2,1.6,2*3B
$GNGSA,A,3,05,13,,,,,,,,,,,1.9,1.2,1.6,3*38
$GNGSA,A,3,14,21,22,26,,,,,,,,,1.9,1.2,1.6,4*3A
$GNGSA,A,3,,,,,,,,,,,,,1.9,1.2,1.6,5*39
$GNZDA,000431.03,15,08,2026,00,00*77
$GNGLL,5129.31228,N,00001.51582,W,000431.03,A,A*6F
$GNRMC,000432.03,A,5129.31938,N,00001.52359,W,31.00,325.74,150826,,,A,V*15
$GNVTG,325.74,T,,M,31.00,N,57.41,K,A*21
$GNGGA,000432.03,5129.31938,N,00001.52359,W,1,18,1.2,52.37,M,45.30,M,,*5B
$GNGSA,A,3,03,04,07,08,09,16,26,27,31,,,,1.9,1.2,1.6,1*38
$GNGSA,A,3,70,71,73,,,,,,,,,,1.9,1.2,1.6,2*3B
$GNGSA,A,3,05,13,,,,,,,,,,,1.9,1.2,1.6,3*38
$GNGSA,A,3,14,21,22,26,,,,,,,,,1.9,1.2,1.6,4*3A
$GNGSA,A,3,,,,,,,,,,,,,1.9,1.2,1.6,5*39
$GPGSV,3,1,09,03,18,210,28,04,80,276,49,07,22,284,30,08,17,171,28,1*67
$GPGSV,3,2,09,09,45,309,33,16,71,059,46,26,38,052,38,27,36,137,29,1*6C
$GPGSV,3,3,09,31,22,083,34,1*53
$GLGSV,2,1,05,70,43,170,34,71,65,305,46,73,65,290,44,74,22,247,27,1*75
$GLGSV,2,2,05,80,31,118,35,1*49
$GAGSV,1,1,03,05,40,095,36,13,62,201,44,15,28,318,28,7*43
$BDGSV,2,1,06,14,56,274,41,21,59,222,42,22,21,170,31,26,43,262,39,1*71
$BDGSV,2,2,06,29,14,106,,36,21,062,31,1*7A
$GQGSV,1,1,00,1*65
$GNZDA,000432.03,15,08,2026,00,00*74
$GNGLL,5129.31938,N,00001.52359,W,000432.03,A,A*65
$GNRMC,000433.03,A,5129.32648,N,00001.53137,W,31.00,325.70,150826,,,A,V*10
$GNVTG,325.70,T,,M,31.00,N,57.41,K,A*25
$GNGGA,000433.03,5129.32648,N,00001.53137,W,1,16,1.3,52.64,M,45.30,M,,*53
$GNGSA,A,3,03,04,07,08,09,16,26,,,,,,2.0,1.3,1.7,1*35
$GNGSA,A,3,70,71,73,,,,,,,,,,2.0,1.3,1.7,2*31
$GNGSA,A,3,05,13,,,,,,,,,,,2.0,1.3,1.7,3*32
$GNGSA,A,3,14,21,22,26,,,,,,,,,2.0,1.3,1.7,4*30
$GNGSA,A,3,,,,,,,,,,,,,2.0,1.3,1.7,5*33
$GNZDA,000433.03,15,08,2026,00,00*75
$GNGLL,5129.32648,N,00001.53137,W,000433.03,A,A*64
$GNRMC,000434.03,A,5129.33359,N,00001.53914,W,31.00,325.77,150826,,,A,V*1D
$GNVTG,325.77,T,,M,31.00,N,57.41,K,A*22
$GNGGA,000434.03,5129.33359,N,00001.53914,W,1,17,1.3,52.74,M,45.30,M,,*59
$GNGSA,A,3,03,04,07,08,09,16,26,27,,,,,2.0,1.3,1.7,1*30
$GNGSA,A,3,70,71,73,,,,,,,,,,2.0,1.3,1.7,2*31
$GNGSA,A,3,05,13,,,,,,,,,,,2.0,1.3,1.7,3*32
$GNGSA,A,3,14,21,22,26,,,,,,,,,2.0,1.3,1.7,4*30
$GNGSA,A,3,,,,,,,,,,,,,2.0,1.3,1.7,5*33
$GPGSV,3,1,09,03,18,210,23,04,80,276,49,07,22,284,30,08,17,171,30,1*65
$GPGSV,3,2,09,09,45,309,39,16,71,059,45,26,38,052,34,27,36,137,36,1*67
$GPGSV,3,3,09,31,22,083,31,1*56
$GLGSV,2,1,05,70,43,170,39,71,65,305,40,73,65,290,49,74,22,247,31,1*74
$GLGSV,2,2,05,80,31,118,30,1*4C
$GAGSV,1,1,03,05,40,095,39,13,62,201,48,15,28,318,27,7*4F
$BDGSV,2,1,06,14,56,274,40,21,59,222,38,22,21,170,29,26,43,262,33,1*7E
$BDGSV,2,2,06,29,14,106,25,36,21,062,24,1*79
$GQGSV,1,1,00,1*65
$GNZDA,000434.03,15,08,2026,00,00*72
$GNGLL,5129.33359,N,00001.53914,W,000434.03,A,A*6E
$GNRMC,000435.00,A,5129.34070,N,00001.54690,W,31.00,325.76,150826,,,A,V*15
$GNVTG,325.76,T,,M,31.00,N,57.41,K,A*23
$GNGGA,000435.00,5129.34070,N,00001.54690,W,1,18,1.3,53.08,M,45.30,M,,*55
$GNGSA,A,3,03,04,07,08,09,16,26,27,31,,,,2.0,1.3,1.7,1*32
$GNGSA,A,3,70,71,73,,,,,,,,,,2.0,1.3,1.7,2*31
$GNGSA,A,3,05,13,,,,,,,,,,,2.0,1.3,1.7,3*32
$GNGSA,A,3,14,21,22,26,,,,,,,,,2.0,1.3,1.7,4*30
$GNGSA,A,3,,,,,,,,,,,,,2.0,1.3,1.7,5*33
$GNZDA,000435.00,15,08,2026,00,00*70
$GNGLL,5129.34070,N,00001.54690,W,000435.00,A,A*67
$GNRMC,000436.03,A,5129.34783,N,00001.55461,W,31.00,326.08,150826,,,A,V*19
$GNVTG,326.08,T,,M,31.00,N,57.41,K,A*29
$GNGGA,000436.03,5129.34783,N,00001.55461,W,1,16,1.2,53.16,M,45.30,M,,*53
$GNGSA,A,3,03,04,07,08,09,16,26,,,,,,1.9,1.2,1.6,1*3F
$GNGSA,A,3,70,71,73,,,,,,,,,,1.9,1.2,1.6,2*3B
$GNGSA,A,3,05,13,,,,,,,,,,,1.9,1.2,1.6,3*38
$GNGSA,A,3,14,21,22,26,,,,,,,,,1.9,1.2,1.6,4*3A
$GNGSA,A,3,,,,,,,,,,,,,1.9,1.2,1.6,5*39
$GPGSV,3,1,09,03,18,210,29,04,80,276,50,07,22,284,26,08,17,171,,1*63
$GPGSV,3,2,09,09,45,309,35,16,71,059,48,26,38,052,38,27,36,137,34,1*68
$GPGSV,3,3,09,31,22,083,33,1*54
$GLGSV,2,1,05,70,43,170,33,71,65,305,41,73,65,290,39,74,22,247,31,1*78
$GLGSV,2,2,05,80,31,118,36,1*4A
$GAGSV,1,1,03,05,40,095,35,13,62,201,45,15,28,318,35,7*4D
$BDGSV,2,1,06,14,56,274,45,21,59,222,44,22,21,170,25,26,43,262,35,1*7A
$BDGSV,2,2,06,29,14,106,,36,21,062,25,1*7F
$GQGSV,1,1,00,1*65
$GNZDA,000436.03,15,08,2026,00,00*70
$GNGLL,5129.34783,N,00001.55461,W,000436.03,A,A*61
$GNRMC,000437.03,A,5129.35494,N,00001.56236,W,31.00,325.86,150826,,,A,V*1E
$GNVTG,325.86,T,,M,31.00,N,57.41,K,A*2C
$GNGGA,000437.03,5129.35494,N,00001.56236,W,1,17,1.3,53.31,M,45.30,M,,*54
$GNGSA,A,3,03,04,07,08,09,16,26,27,,,,,2.0,1.3,1.7,1*30
$GNGSA,A,3,70,71,73,,,,,,,,,,2.0,1.3,1.7,2*31
$GNGSA,A,3,05,13,,,,,,,,,,,2.0,1.3,1.7,3*32
$GNGSA,A,3,14,21,22,26,,,,,,,,,2.0,1.3,1.7,4*30
$GNGSA,A,3,,,,,,,,,,,,,2.0,1.3,1.7,5*33
$GNZDA,000437.03,15,08,2026,00,00*71
$GNGLL,5129.35494,N,00001.56236,W,000437.03,A,A*63
$GNRMC,000438.03,A,5129.36208,N,00001.57006,W,31.00,326.09,150826,,,A,V*15
$GNVTG,326.09,T,,M,31.00,N,57.41,K,A*28
$GNGGA,000438.03,5129.36208,N,00001.57006,W,1,18,1.2,53.45,M,45.30,M,,*56
$GNGSA,A,3,03,04,07,08,09,16,26,27,31,,,,1.9,1.2,1.6,1*38
$GNGSA,A,3,70,71,73,,,,,,,,,,1.9,1.2,1.6,2*3B
$GNGSA,A,3,05,13,,,,,,,,,,,1.9,1.2,1.6,3*38
$GNGSA,A,3,14,21,22,26,,,,,,,,,1.9,1.2,1.6,4*3A
$GNGSA,A,3,,,,,,,,,,,,,1.9,1.2,1.6,5*39
$GPGSV,3,1,09,03,18,210,,04,80,276,45,07,22,284,32,08,17,171,,1*69
$GPGSV,3,2,09,09,45,309,36,16,71,059,50,26,38,052,33,27,36,137,31,1*6C
$GPGSV,3,3,09,31,22,083,33,1*54
$GLGSV,2,1,05,70,43,170,41,71,65,305,42,73,65,290,44,74,22,247,32,1*77
$GLGSV,2,2,05,80,31,118,37,1*4B
$GAGSV,1,1,03,05,40,095,37,13,62,201,41,15,28,318,35,7*4B
$BDGSV,2,1,06,14,56,274,44,21,59,222,42,22,21,170,30,26,43,262,33,1*7F
$BDGSV,2,2,06,29,14,106,22,36,21,062,30,1*7B
$GQGSV,1,1,00,1*65
$GNZDA,000438.03,15,08,2026,00,00*7E
$GNGLL,5129.36208,N,00001.57006,W,000438.03,A,A*6C
$GNRMC,000439.03,A,5129.36921,N,00001.57777,W,31.00,326.05,150826,,,A,V*19
$GNVTG,326.05,T,,M,31.00,N,57.41,K,A*24
$GNGGA,000439.03,5129.36921,N,00001.57777,W,1,16,1.3,53.75,M,45.30,M,,*5A
$GNGSA,A,3,03,04,07,08,09,16,26,,,,,,2.0,1.3,1.7,1*35
$GNGSA,A,3,70,71,73,,,,,,,,,,2.0,1.3,1.7,2*31
$GNGSA,A,3,05,13,,,,,,,,,,,2.0,1.3,1.7,3*32
$GNGSA,A,3,14,21,22,26,,,,,,,,,2.0,1.3,1.7,4*30
$GNGSA,A,3,,,,,,,,,,,,,2.0,1.3,1.7,5*33
$GNZDA,000439.03,15,08,2026,00,00*7F
$GNGLL,5129.36921,N,00001.57777,W,000439.03,A,A*6C
$GNRMC,000440.00,A,5129.37632,N,00001.58552,W,31.00,325.84,150826,,,A,V*18
$GNVTG,325.84,T,,M,31.00,N,57.41,K,A*2E
$GNGGA,000440.00,5129.37632,N,00001.58552,W,1,17,1.3,53.83,M,45.30,M,,*59
$GNGSA,A,3,03,04,07,08,09,16,26,27,,,,,2.0,1.3,1.7,1*30
$GNGSA,A,3,70,71,73,,,,,,,,,,2.0,1.3,1.7,2*31
$GNGSA,A,3,05,13,,,,,,,,,,,2.0,1.3,1.7,3*32
$GNGSA,A,3,14,21,22,26,,,,,,,,,2.0,1.3,1.7,4*30
$GNGSA,A,3,,,,,,,,,,,,,2.0,1.3,1.7,5*33
$GPGSV,3,1,09,03,18,210,26,04,80,276,49,07,22,284,30,08,17,171,,1*63
$GPGSV,3,2,09,09,45,309,35,16,71,059,47,26,38,052,40,27,36,137,35,1*69
$GPGSV,3,3,09,31,22,083,33,1*54
$GLGSV,2,1,05,70,43,170,36,71,65,305,42,73,65,290,47,74,22,247,26,1*71
$GLGSV,2,2,05,80,31,118,37,1*4B
$GAGSV,1,1,03,05,40,095,32,13,62,201,39,15,28,318,29,7*4C
$BDGSV,2,1,06,14,56,274,38,21,59,222,42,22,21,170,30,26,43,262,41,1*71
$BDGSV,2,2,06,29,14,106,,36,21,062,31,1*7A
$GQGSV,1,1,00,1*65
$GNZDA,000440.00,15,08,2026,00,00*72
$GNGLL,5129.37632,N,00001.58552,W,000440.00,A,A*67
$GNRMC,000441.03,A,5129.38344,N,00001.59325,W,31.00,325.93,150826,,,A,V*10
$GNVTG,325.93,T,,M,31.00,N,57.41,K,A*28
$GNGGA,000441.03,5129.38344,N,00001.59325,W,1,18,1.3,54.26,M,45.30,M,,*50
$GNGSA,A,3,03,04,07,08,09,16,26,27,31,,,,2.0,1.3,1.7,1*32
$GNGSA,A,3,70,71,73,,,,,,,,,,2.0,1.3,1.7,2*31
$GNGSA,A,3,05,13,,,,,,,,,,,2.0,1.3,1.7,3*32
$GNGSA,A,3,14,21,22,26,,,,,,,,,2.0,1.3,1.7,4*30
$GNGSA,A,3,,,,,,,,,,,,,2.0,1.3,1.7,5*33
$GNZDA,000441.03,15,08,2026,00,00*70
$GNGLL,5129.38344,N,00001.59325,W,000441.03,A,A*69
$GNRMC,000442.03,A,5129.39054,N,00001.60103,W,31.00,325.74,150826,,,A,V*15
$GNVTG,325.74,T,,M,31.00,N,57.41,K,A*21
$GNGGA,000442.03,5129.39054,N,00001.60103,W,1,16,1.2,54.72,M,45.30,M,,*52
$GNGSA,A,3,03,04,07,08,09,16,26,,,,,,1.9,1.2,1.6,1*3F
$GNGSA,A,3,70,71,73,,,,,,,,,,1.9,1.2,1.6,2*3B
$GNGSA,A,3,05,13,,,,,,,,,,,1.9,1.2,1.6,3*38
$GNGSA,A,3,14,21,22,26,,,,,,,,,1.9,1.2,1.6,4*3A
$GNGSA,A,3,,,,,,,,,,,,,1.9,1.2,1.6,5*39
$GPGSV,3,1,09,03,18,210,27,04,80,276,45,07,22,284,31,08,17,171,,1*6F
$GPGSV,3,2,09,09,45,309,33,16,71,059,50,26,38,052,39,27,36,137,35,1*67
$GPGSV,3,3,09,31,22,083,25,1*53
$GLGSV,2,1,05,70,43,170,38,71,65,305,44,73,65,290,43,74,22,247,26,1*7D
$GLGSV,2,2,05,80,31,118,31,1*4D
$GAGSV,1,1,03,05,40,095,38,13,62,201,42,15,28,318,35,7*47
$BDGSV,2,1,06,14,56,274,37,21,59,222,38,22,21,170,27,26,43,262,33,1*70
$BDGSV,2,2,06,29,14,106,,36,21,062,25,1*7F
$GQGSV,1,1,00,1*65
$GNZDA,000442.03,15,08,2026,00,00*73
$GNGLL,5129.39054,N,00001.60103,W,000442.03,A,A*65
$GNRMC,000443.03,A,5129.39765,N,00001.60879,W,31.00,325.79,150826,,,A,V*18
$GNVTG,325.79,T,,M,31.00,N,57.41,K,A*2C
$GNGGA,000443.03,5129.39765,N,00001.60879,W,1,17,1.3,55.04,M,45.30,M,,*52
$GNGSA,A,3,03,04,07,08,09,16,26,27,,,,,2.0,1.3,1.7,1*30
$GNGSA,A,3,70,71,73,,,,,,,,,,2.0,1.3,1.7,2*31
$GNGSA,A,3,05,13,,,,,,,,,,,2.0,1.3,1.7,3*32
$GNGSA,A,3,14,21,22,26,,,,,,,,,2.0,1.3,1.7,4*30
$GNGSA,A,3,,,,,,,,,,,,,2.0,1.3,1.7,5*33
$GNZDA,000443.03,15,08,2026,00,00*72
$GNGLL,5129.39765,N,00001.60879,W,000443.03,A,A*65
$GNRMC,000444.03,A,5129.40474,N,00001.61659,W,31.00,325.58,150826,,,A,V*1C
$GNVTG,325.58,T,,M,31.00,N,57.41,K,A*2F
$GNGGA,000444.03,5129.40474,N,00001.61659,W,1,18,1.1,55.28,M,45.30,M,,*56
$GNGSA,A,3,03,04,07,08,09,16,26,27,31,,,,1.8,1.1,1.5,1*39
$GNGSA,A,3,70,71,73,,,,,,,,,,1.8,1.1,1.5,2*3A
$GNGSA,A,3,05,13,,,,,,,,,,,1.8,1.1,1.5,3*39
$GNGSA,A,3,14,21,22,26,,,,,,,,,1.8,1.1,1.5,4*3B
$GNGSA,A,3,,,,,,,,,,,,,1.8,1.1,1.5,5*38
$GPGSV,3,1,09,03,18,210,29,04,80,276,45,07,22,284,28,08,17,171,30,1*6A
$GPGSV,3,2,09,09,45,309,34,16,71,059,50,26,38,052,34,27,36,137,36,1*6E
$GPGSV,3,3,09,31,22,083,33,1*54
$GLGSV,2,1,05,70,43,170,36,71,65,305,47,73,65,290,45,74,22,247,31,1*70
$GLGSV,2,2,05,80,31,118,37,1*4B
$GAGSV,1,1,03,05,40,095,40,13,62,201,42,15,28,318,34,7*49
$BDGSV,2,1,06,14,56,274,44,21,59,222,42,22,21,170,25,26,43,262,36,1*7E
$BDGSV,2,2,06,29,14,106,31,36,21,062,30,1*79
$GQGSV,1,1,00,1*65
$GNZDA,000444.03,15,08,2026,00,00*75
$GNGLL,5129.40474,N,00001.61659,W,000444.03,A,A*62
$GNRMC,000445.00,A,5129.41184,N,00001.62438,W,31.00,325.65,150826,,,A,V*1D
$GNVTG,325.65,T,,M,31.00,N,57.41,K,A*21
$GNGGA,000445.00,5129.41184,N,00001.62438,W,1,16,1.3,55.52,M,45.30,M,,*58
$GNGSA,A,3,03,04,07,08,09,16,26,,,,,,2.0,1.3,1.7,1*35
$GNGSA,A,3,70,71,73,,,,,,,,,,2.0,1.3,1.7,2*31
$GNGSA,A,3,05,13,,,,,,,,,,,2.0,1.3,1.7,3*32
$GNGSA,A,3,14,21,22,26,,,,,,,,,2.0,1.3,1.7,4*30
$GNGSA,A,3,,,,,,,,,,,,,2.0,1.3,1.7,5*33
$GNZDA,000445.00,15,08,2026,00,00*77
$GNGLL,5129.41184,N,00001.62438,W,000445.00,A,A*6D
$GNRMC,000446.03,A,5129.41895,N,00001.63214,W,31.00,325.79,150826,,,A,V*10
$GNVTG,325.79,T,,M,31.00,N,57.41,K,A*2C
$GNGGA,000446.03,5129.41895,N,00001.63214,W,1,17,1.2,55.89,M,45.30,M,,*5E
$GNGSA,A,3,03,04,07,08,09,16,26,27,,,,,1.9,1.2,1.6,1*3A
$GNGSA,A,3,70,71,73,,,,,,,,,,1.9,1.2,1.6,2*3B
$GNGSA,A,3,05,13,,,,,,,,,,,1.9,1.2,1.6,3*38
$GNGSA,A,3,14,21,22,26,,,,,,,,,1.9,1.2,1.6,4*3A
$GNGSA,A,3,,,,,,,,,,,,,1.9,1.2,1.6,5*39
$GPGSV,3,1,09,03,18,210,,04,80,276,50,07,22,284,28,08,17,171,26,1*62
$GPGSV,3,2,09,09,45,309,33,16,71,059,47,26,38,052,31,27,36,137,39,1*65
$GPGSV,3,3,09,31,22,083,29,1*5F
$GLGSV,2,1,05,70,43,170,41,71,65,305,47,73,65,290,43,74,22,247,32,1*75
$GLGSV,2,2,05,80,31,118,29,1*44
$GAGSV,1,1,03,05,40,095,37,13,62,201,44,15,28,318,28,7*42
$BDGSV,2,1,06,14,56,274,43,21,59,222,39,22,21,170,24,26,43,262,32,1*70
$BDGSV,2,2,06,29,14,106,,36,21,062,29,1*73
$GQGSV,1,1,00,1*65
$GNZDA,000446.03,15,08,2026,00,00*77
$GNGLL,5129.41895,N,00001.63214,W,000446.03,A,A*6D
$GNRMC,000447.03,A,5129.42605,N,00001.63991,W,31.00,325.74,150826,,,A,V*1E
$GNVTG,325.74,T,,M,31.00,N,57.41,K,A*21
$GNGGA,000447.03,5129.42605,N,00001.63991,W,1,18,1.1,56.18,M,45.30,M,,*5A
$GNGSA,A,3,03,04,07,08,09,16,26,27,31,,,,1.8,1.1,1.5,1*39
$GNGSA,A,3,70,71,73,,,,,,,,,,1.8,1.1,1.5,2*3A
$GNGSA,A,3,05,13,,,,,,,,,,,1.8,1.1,1.5,3*39
$GNGSA,A,3,14,21,22,26,,,,,,,,,1.8,1.1,1.5,4*3B
$GNGSA,A,3,,,,,,,,,,,,,1.8,1.1,1.5,5*38
$GNZDA,000447.03,15,08,2026,00,00*76
$GNGLL,5129.42605,N,00001.63991,W,000447.03,A,A*6E
$GNRMC,000448.03,A,5129.43315,N,00001.64770,W,31.00,325.65,150826,,,A,V*12
$GNVTG,325.65,T,,M,31.00,N,57.41,K,A*21
$GNGGA,000448.03,5129.43315,N,00001.64770,W,1,16,1.1,56.45,M,45.30,M,,*50
$GNGSA,A,3,03,04,07,08,09,16,26,,,,,,1.8,1.1,1.5,1*3E
$GNGSA,A,3,70,71,73,,,,,,,,,,1.8,1.1,1.5,2*3A
$GNGSA,A,3,05,13,,,,,,,,,,,1.8,1.1,1.5,3*39
$GNGSA,A,3,14,21,22,26,,,,,,,,,1.8,1.1,1.5,4*3B
$GNGSA,A,3,,,,,,,,,,,,,1.8,1.1,1.5,5*38
$GPGSV,3,1,09,03,18,210,30,04,80,276,45,07,22,284,32,08,17,171,26,1*6E
$GPGSV,3,2,09,09,45,309,41,16,71,059,47,26,38,052,38,27,36,137,36,1*66
$GPGSV,3,3,09,31,22,083,29,1*5F
$GLGSV,2,1,05,70,43,170,33,71,65,305,42,73,65,290,46,74,22,247,28,1*7B
$GLGSV,2,2,05,80,31,118,30,1*4C
$GAGSV,1,1,03,05,40,095,33,13,62,201,47,15,28,318,32,7*4E
$BDGSV,2,1,06,14,56,274,39,21,59,222,41,22,21,170,33,26,43,262,34,1*72
$BDGSV,2,2,06,29,14,106,,36,21,062,30,1*7B
$GQGSV,1,1,00,1*65
$GNZDA,000448.03,15,08,2026,00,00*79
$GNGLL,5129.43315,N,00001.64770,W,000448.03,A,A*62
$GNRMC,000449.03,A,5129.44026,N,00001.65546,W,31.00,325.81,150826,,,A,V*1B
$GNVTG,325.81,T,,M,31.00,N,57.41,K,A*2B
$GNGGA,000449.03,5129.44026,N,00001.65546,W,1,17,1.2,56.89,M,45.30,M,,*51
$GNGSA,A,3,03,04,07,08,09,16,26,27,,,,,1.9,1.2,1.6,1*3A
$GNGSA,A,3,70,71,73,,,,,,,,,,1.9,1.2,1.6,2*3B
$GNGSA,A,3,05,13,,,,,,,,,,,1.9,1.2,1.6,3*38
$GNGSA,A,3,14,21,22,26,,,,,,,,,1.9,1.2,1.6,4*3A
$GNGSA,A,3,,,,,,,,,,,,,1.9,1.2,1.6,5*39
$GNZDA,000449.03,15,08,2026,00,00*78
$GNGLL,5129.44026,N,00001.65546,W,000449.03,A,A*61
$GNRMC,000450.00,A,5129.44739,N,00001.66317,W,31.00,326.03,150826,,,A,V*11
$GNVTG,326.03,T,,M,31.00,N,57.41,K,A*22
$GNGGA,000450.00,5129.44739,N,00001.66317,W,1,18,1.2,57.20,M,45.30,M,,*5F
$GNGSA,A,3,03,04,07,08,09,16,26,27,31,,,,1.9,1.2,1.6,1*38
$GNGSA,A,3,70,71,73,,,,,,,,,,1.9,1.2,1.6,2*3B
$GNGSA,A,3,05,13,,,,,,,,,,,1.9,1.2,1.6,3*38
$GNGSA,A,3,14,21,22,26,,,,,,,,,1.9,1.2,1.6,4*3A
$GNGSA,A,3,,,,,,,,,,,,,1.9,1.2,1.6,5*39
$GPGSV,3,1,09,03,18,210,,04,80,276,50,07,22,284,28,08,17,171,,1*66
$GPGSV,3,2,09,09,45,309,32,16,71,059,44,26,38,052,33,27,36,137,37,1*6B
$GPGSV,3,3,09,31,22,083,24,1*52
$GLGSV,2,1,05,70,43,170,38,71,65,305,41,73,65,290,41,74,22,247,33,1*7E
$GLGSV,2,2,05,80,31,118,33,1*4F
$GAGSV,1,1,03,05,40,095,38,13,62,201,44,15,28,318,27,7*42
$BDGSV,2,1,06,14,56,274,37,21,59,222,44,22,21,170,25,26,43,262,37,1*7D
$BDGSV,2,2,06,29,14,106,28,36,21,062,30,1*71
$GQGSV,1,1,00,1*65
$GNZDA,000450.00,15,08,2026,00,00*73
$GNGLL,5129.44739,N,00001.66317,W,000450.00,A,A*62
$GNRMC,000451.03,A,5129.45453,N,00001.67085,W,31.00,326.22,150826,,,A,V*17
$GNVTG,326.22,T,,M,31.00,N,57.41,K,A*21
$GNGGA,000451.03,5129.45453,N,00001.67085,W,1,16,1.1,57.71,M,45.30,M,,*53
$GNGSA,A,3,03,04,07,08,09,16,26,,,,,,1.8,1.1,1.5,1*3E
$GNGSA,A,3,70,71,73,,,,,,,,,,1.8,1.1,1.5,2*3A
$GNGSA,A,3,05,13,,,,,,,,,,,1.8,1.1,1.5,3*39
$GNGSA,A,3,14,21,22,26,,,,,,,,,1.8,1.1,1.5,4*3B
$GNGSA,A,3,,,,,,,,,,,,,1.8,1.1,1.5,5*38
$GNZDA,000451.03,15,08,2026,00,00*71
$GNGLL,5129.45453,N,00001.67085,W,000451.03,A,A*67
$GNRMC,000452.03,A,5129.46166,N,00001.67856,W,31.00,326.01,150826,,,A,V*13
$GNVTG,326.01,T,,M,31.00,N,57.41,K,A*20
$GNGGA,000452.03,5129.46166,N,00001.67856,W,1,17,1.2,58.03,M,45.30,M,,*5E
$GNGSA,A,3,03,04,07,08,09,16,26,27,,,,,1.9,1.2,1.6,1*3A
$GNGSA,A,3,70,71,73,,,,,,,,,,1.9,1.2,1.6,2*3B
$GNGSA,A,3,05,13,,,,,,,,,,,1.9,1.2,1.6,3*38
$GNGSA,A,3,14,21,22,26,,,,,,,,,1.9,1.2,1.6,4*3A
$GNGSA,A,3,,,,,,,,,,,,,1.9,1.2,1.6,5*39
$GPGSV,3,1,09,03,18,210,23,04,80,276,50,07,22,284,31,08,17,171,26,1*6B
$GPGSV,3,2,09,09,45,309,38,16,71,059,50,26,38,052,34,27,36,137,30,1*64
$GPGSV,3,3,09,31,22,083,26,1*50
$GLGSV,2,1,05,70,43,170,37,71,65,305,42,73,65,290,49,74,22,247,25,1*7D
$GLGSV,2,2,05,80,31,118,31,1*4D
$GAGSV,1,1,03,05,40,095,40,13,62,201,48,15,28,318,36,7*41
$BDGSV,2,1,06,14,56,274,42,21,59,222,46,22,21,170,28,26,43,262,38,1*7F
$BDGSV,2,2,06,29,14,106,28,36,21,062,30,1*71
$GQGSV,1,1,00,1*65
$GNZDA,000452.03,15,08,2026,00,00*72
$GNGLL,5129.46166,N,00001.67856,W,000452.03,A,A*62
$GNRMC,000453.03,A,5129.46877,N,00001.68632,W,31.00,325.84,150826,,,A,V*16
$GNVTG,325.84,T,,M,31.00,N,57.41,K,A*2E
$GNGGA,000453.03,5129.46877,N,00001.68632,W,1,18,1.2,58.30,M,45.30,M,,*5A
$GNGSA,A,3,03,04,07,08,09,16,26,27,31,,,,1.9,1.2,1.6,1*38
$GNGSA,A,3,70,71,73,,,,,,,,,,1.9,1.2,1.6,2*3B
$GNGSA,A,3,05,13,,,,,,,,,,,1.9,1.2,1.6,3*38
$GNGSA,A,3,14,21,22,26,,,,,,,,,1.9,1.2,1.6,4*3A
$GNGSA,A,3,,,,,,,,,,,,,1.9,1.2,1.6,5*39
$GNZDA,000453.03,15,08,2026,00,00*73
$GNGLL,5129.46877,N,00001.68632,W,000453.03,A,A*69
$GNRMC,000454.03,A,5129.47589,N,00001.69405,W,31.00,325.95,150826,,,A,V*1B
$GNVTG,325.95,T,,M,31.00,N,57.41,K,A*2E
$GNGGA,000454.03,5129.47589,N,00001.69405,W,1,16,1.1,58.77,M,45.30,M,,*59
$GNGSA,A,3,03,04,07,08,09,16,26,,,,,,1.8,1.1,1.5,1*3E
$GNGSA,A,3,70,71,73,,,,,,,,,,1.8,1.1,1.5,2*3A
$GNGSA,A,3,05,13,,,,,,,,,,,1.8,1.1,1.5,3*39
$GNGSA,A,3,14,21,22,26,,,,,,,,,1.8,1.1,1.5,4*3B
$GNGSA,A,3,,,,,,,,,,,,,1.8,1.1,1.5,5*38
$GPGSV,3,1,09,03,18,210,,04,80,276,46,07,22,284,27,08,17,171,32,1*6F
$GPGSV,3,2,09,09,45,309,39,16,71,059,46,26,38,052,34,27,36,137,34,1*66
$GPGSV,3,3,09,31,22,083,32,1*55
$GLGSV,2,1,05,70,43,170,38,71,65,305,41,73,65,290,45,74,22,247,34,1*7D
$GLGSV,2,2,05,80,31,118,35,1*49
$GAGSV,1,1,03,05,40,095,40,13,62,201,46,15,28,318,33,7*4A
$BDGSV,2,1,06,14,56,274,36,21,59,222,41,22,21,170,26,26,43,262,39,1*74
$BDGSV,2,2,06,29,14,106,,36,21,062,25,1*7F
$GQGSV,1,1,00,1*65
$GNZDA,000454.03,15,08,2026,00,00*74
$GNGLL,5129.47589,N,00001.69405,W,000454.03,A,A*64
$GNRMC,000455.00,A,5129.48303,N,00001.70174,W,31.00,326.14,150826,,,A,V*13
$GNVTG,326.14,T,,M,31.00,N,57.41,K,A*24
$GNGGA,000455.00,5129.48303,N,00001.70174,W,1,17,1.1,59.16,M,45.30,M,,*5C
$GNGSA,A,3,03,04,07,08,09,16,26,27,,,,,1.8,1.1,1.5,1*3B
$GNGSA,A,3,70,71,73,,,,,,,,,,1.8,1.1,1.5,2*3A
$GNGSA,A,3,05,13,,,,,,,,,,,1.8,1.1,1.5,3*39
$GNGSA,A,3,14,21,22,26,,,,,,,,,1.8,1.1,1.5,4*3B
$GNGSA,A,3,,,,,,,,,,,,,1.8,1.1,1.5,5*38
$GNZDA,000455.00,15,08,2026,00,00*76
$GNGLL,5129.48303,N,00001.70174,W,000455.00,A,A*66
$GNRMC,000456.03,A,5129.49019,N,00001.70939,W,31.00,326.34,150826,,,A,V*19
$GNVTG,326.34,T,,M,31.00,N,57.41,K,A*26
$GNGGA,000456.03,5129.49019,N,00001.70939,W,1,18,1.2,59.66,M,45.30,M,,*5F
$GNGSA,A,3,03,04,07,08,09,16,26,27,31,,,,1.9,1.2,1.6,1*38
$GNGSA,A,3,70,71,73,,,,,,,,,,1.9,1.2,1.6,2*3B
$GNGSA,A,3,05,13,,,,,,,,,,,1.9,1.2,1.6,3*38
$GNGSA,A,3,14,21,22,26,,,,,,,,,1.9,1.2,1.6,4*3A
$GNGSA,A,3,,,,,,,,,,,,,1.9,1.2,1.6,5*39
$GPGSV,3,1,09,03,18,210,,04,80,276,46,07,22,284,27,08,17,171,30,1*6D
$GPGSV,3,2,09,09,45,309,42,16,71,059,50,26,38,052,37,27,36,137,38,1*62
$GPGSV,3,3,09,31,22,083,29,1*5F
$GLGSV,2,1,05,70,43,170,40,71,65,305,47,73,65,290,49,74,22,247,28,1*75
$GLGSV,2,2,05,80,31,118,37,1*4B
$GAGSV,1,1,03,05,40,095,38,13,62,201,43,15,28,318,33,7*40
$BDGSV,2,1,06,14,56,274,45,21,59,222,38,22,21,170,25,26,43,262,33,1*77
$BDGSV,2,2,06,29,14,106,31,36,21,062,31,1*78
$GQGSV,1,1,00,1*65
$GNZDA,000456.03,15,08,2026,00,00*76
$GNGLL,5129.49019,N,00001.70939,W,000456.03,A,A*6E
$GNRMC,000457.03,A,5129.49734,N,00001.71704,W,31.00,326.35,150826,,,A,V*10
$GNVTG,326.35,T,,M,31.00,N,57.41,K,A*27
$GNGGA,000457.03,5129.49734,N,00001.71704,W,1,16,1.1,60.00,M,45.30,M,,*50
$GNGSA,A,3,03,04,07,08,09,16,26,,,,,,1.8,1.1,1.5,1*3E
$GNGSA,A,3,70,71,73,,,,,,,,,,1.8,1.1,1.5,2*3A
$GNGSA,A,3,05,13,,,,,,,,,,,1.8,1.1,1.5,3*39
$GNGSA,A,3,14,21,22,26,,,,,,,,,1.8,1.1,1.5,4*3B
$GNGSA,A,3,,,,,,,,,,,,,1.8,1.1,1.5,5*38
$GNZDA,000457.03,15,08,2026,00,00*77
$GNGLL,5129.49734,N,00001.71704,W,000457.03,A,A*66
$GNRMC,000458.03,A,5129.50451,N,00001.72464,W,31.00,326.58,150826,,,A,V*1A
$GNVTG,326.58,T,,M,31.00,N,57.41,K,A*2C
$GNGGA,000458.03,5129.50451,N,00001.72464,W,1,17,1.2,60.18,M,45.30,M,,*5A
$GNGSA,A,3,03,04,07,08,09,16,26,27,,,,,1.9,1.2,1.6,1*3A
$GNGSA,A,3,70,71,73,,,,,,,,,,1.9,1.2,1.6,2*3B
$GNGSA,A,3,05,13,,,,,,,,,,,1.9,1.2,1.6,3*38
$GNGSA,A,3,14,21,22,26,,,,,,,,,1.9,1.2,1.6,4*3A
$GNGSA,A,3,,,,,,,,,,,,,1.9,1.2,1.6,5*39
$GPGSV,3,1,09,03,18,210,,04,80,276,48,07,22,284,25,08,17,171,23,1*63
$GPGSV,3,2,09,09,45,309,40,16,71,059,46,26,38,052,39,27,36,137,38,1*69
$GPGSV,3,3,09,31,22,083,28,1*5E
$GLGSV,2,1,05,70,43,170,40,71,65,305,46,73,65,290,44,74,22,247,30,1*70
$GLGSV,2,2,05,80,31,118,29,1*44
$GAGSV,1,1,03,05,40,095,32,13,62,201,48,15,28,318,35,7*47
$BDGSV,2,1,06,14,56,274,38,21,59,222,46,22,21,170,29,26,43,262,41,1*7D
$BDGSV,2,2,06,29,14,106,,36,21,062,25,1*7F
$GQGSV,1,1,00,1*65
$GNZDA,000458.03,15,08,2026,00,00*78
$GNGLL,5129.50451,N,00001.72464,W,000458.03,A,A*67
$GNRMC,000459.03,A,5129.51171,N,00001.73220,W,31.00,326.80,150826,,,A,V*1F
$GNVTG,326.80,T,,M,31.00,N,57.41,K,A*29
$GNGGA,000459.03,5129.51171,N,00001.73220,W,1,18,1.1,60.41,M,45.30,M,,*5A
$GNGSA,A,3,03,04,07,08,09,16,26,27,31,,,,1.8,1.1,1.5,1*39
$GNGSA,A,3,70,71,73,,,,,,,,,,1.8,1.1,1.5,2*3A
$GNGSA,A,3,05,13,,,,,,,,,,,1.8,1.1,1.5,3*39
$GNGSA,A,3,14,21,22,26,,,,,,,,,1.8,1.1,1.5,4*3B
$GNGSA,A,3,,,,,,,,,,,,,1.8,1.1,1.5,5*38
$GNZDA,000459.03,15,08,2026,00,00*79
$GNGLL,5129.51171,N,00001.73220,W,000459.03,A,A*67
